SUBURB,POSTCODE
BRISBANE,4000
BRISBANE ADELAIDE STREET,4000
BRISBANE CITY,4000
BRISBANE CITY DC,4000
BRISBANE GPO,4000
BRISBANE-CITY,4000
PARLIAMENT HOUSE,4000
PETRIE TERRACE,4000
SPRING HILL,4000
BRISBANE,4001
CENTRAL PLAZA,4001
RIVERSIDE CENTRE,4001
WATERFRONT PLACE,4001
BRISBANE ALBERT STREET BC,4002
WINTERGARDEN,4002
GEORGE STREET,4003
SPRING HILL,4004
NEW FARM,4005
TENERIFFE,4005
BOWEN BRIDGE,4006
BOWEN HILLS,4006
BRISBANE EXHIBITION,4006
FORTITUDE VALLEY,4006
FORTITUDE VALLEY BC,4006
HERSTON,4006
MAYNE,4006
NEWSTEAD,4006
ASCOT,4007
BRISBANE AIRPORT,4007
DOOMBEN,4007
HAMILTON,4007
HAMILTON CENTRAL,4007
WHINSTANES,4007
BRISBANE AIRPORT,4008
BULWER ISLAND,4008
MEEANDAH,4008
MYRTLETOWN,4008
PINKENBA,4008
EAGLE FARM,4009
EAGLE FARM BC,4009
ALBION,4010
ALBION BC,4010
ALBION DC,4010
BREAKFAST CREEK,4010
CLAYFIELD,4011
EAGLE JUNCTION,4011
HENDRA,4011
NUNDAH,4012
TOOMBUL,4012
WAVELL HEIGHTS,4012
WAVELL HEIGHTS NORTH,4012
NORTHGATE,4013
NORTHGATE MC,4013
BANYO,4014
NUDGEE,4014
NUDGEE BEACH,4014
VIRGINIA,4014
VIRGINIA BC,4014
VIRGINIA DC,4014
BRACKEN RIDGE,4017
BRIGHTON,4017
BRIGHTON EVENTIDE,4017
BRIGHTON NATHAN STREET,4017
DEAGON,4017
NASHVILLE,4017
SANDGATE,4017
SANDGATE DC,4017
SHORNCLIFFE,4017
FITZGIBBON,4018
TAIGUM,4018
CLONTARF,4019
CLONTARF BEACH,4019
CLONTARF DC,4019
HUMPYBONG,4019
MARGATE,4019
MARGATE BEACH,4019
SCOTTS POINT,4019
WOODY POINT,4019
NEWPORT,4020
REDCLIFFE,4020
REDCLIFFE NORTH,4020
SCARBOROUGH,4020
KIPPA-RING,4021
ROTHWELL,4022
BULWER,4025
CAPE MORETON,4025
COWAN COWAN,4025
KOORINGAL,4025
MORETON ISLAND,4025
TANGALOOMA,4025
ROYAL BRISBANE HOSPITAL,4029
EILDON HILL,4030
KALINGA,4030
LUTWYCHE,4030
WINDSOR,4030
WOOLOOWIN,4030
GLEN KEDRON,4031
GORDON PARK,4031
KEDRON,4031
CHERMSIDE,4032
CHERMSIDE BC,4032
CHERMSIDE CENTRE,4032
CHERMSIDE SOUTH,4032
CHERMSIDE WEST,4032
CRAIGSLEA,4032
ASPLEY,4034
BOONDALL,4034
CARSELDINE,4034
GEEBUNG,4034
ZILLMERE,4034
ALBANY CREEK,4035
BRIDGEMAN DOWNS,4035
CASHS CROSSING,4035
BALD HILLS,4036
EATONS HILL,4037
ALDERLEY,4051
ENOGGERA,4051
GAYTHORNE,4051
GRANGE,4051
NEWMARKET,4051
THE GRANGE,4051
WILSTON,4051
BROOKSIDE CENTRE,4053
EVERTON HILLS,4053
EVERTON PARK,4053
MCDOWALL,4053
MITCHELTON,4053
OXFORD PARK,4053
SOMERSET HILLS,4053
STAFFORD,4053
STAFFORD BC,4053
STAFFORD CITY,4053
STAFFORD DC,4053
STAFFORD HEIGHTS,4053
ARANA HILLS,4054
GROVELY,4054
KEPERRA,4054
BUNYA,4055
FERNY GROVE,4055
FERNY HILLS,4055
FERNY HILLS DC,4055
KEDRON UPPER,4055
UPPER KEDRON,4055
BALLYMORE,4059
ITHACA,4059
KELVIN GROVE,4059
KELVIN GROVE BC,4059
KELVIN GROVE DC,4059
NORMANBY,4059
RED HILL,4059
ASHGROVE,4060
ASHGROVE EAST,4060
ASHGROVE WEST,4060
DORRINGTON,4060
ST JOHNS WOOD,4060
THE GAP,4061
BAROONA,4064
MILTON,4064
MILTON BC,4064
PADDINGTON,4064
ROSALIE,4064
BARDON,4065
BARDON WEST,4065
JUBILEE,4065
RAINWORTH,4065
AUCHENFLOWER,4066
MOUNT COOT-THA,4066
STUARTHOLME,4066
TOOWONG,4066
TOOWONG BC,4066
TOOWONG DC,4066
TORWOOD,4066
IRONSIDE,4067
ST LUCIA,4067
ST LUCIA SOUTH,4067
CHELMER,4068
INDOOROOPILLY,4068
INDOOROOPILLY CENTRE,4068
LONG POCKET,4068
TARINGA,4068
BROOKFIELD,4069
CHAPEL HILL,4069
FIG TREE POCKET,4069
KENMORE,4069
KENMORE DC,4069
KENMORE EAST,4069
KENMORE HILLS,4069
LONE PINE,4069
PINJARRA HILLS,4069
PULLENVALE,4069
UPPER BROOKFIELD,4069
ANSTEAD,4070
BELLBOWRIE,4070
MOGGILL,4070
PRIORS POCKET,4070
UNIVERSITY OF QUEENSLAND,4072
SEVENTEEN MILE ROCKS,4073
SINNAMON PARK,4073
JAMBOREE HEIGHTS,4074
JINDALEE,4074
MIDDLE PARK,4074
MOUNT OMMANEY,4074
RIVERHILLS,4074
SUMNER,4074
SUMNER PARK BC,4074
WESTLAKE,4074
CORINDA,4075
GRACEVILLE,4075
GRACEVILLE EAST,4075
OXLEY,4075
SHERWOOD,4075
DARRA,4076
WACOL,4076
WACOL EAST IMMIGRATION CENTRE,4076
DOOLANDELLA,4077
DURACK,4077
INALA,4077
INALA EAST,4077
INALA HEIGHTS,4077
INALA WEST,4077
RICHLANDS,4077
RICHLANDS BC,4077
RICHLANDS DC,4077
SERVICETON,4077
ELLEN GROVE,4078
FOREST LAKE,4078
HIGHGATE HILL,4101
MATER HILL,4101
MATER HOSPITAL,4101
SOUTH BANK,4101
SOUTH BRISBANE,4101
SOUTH BRISBANE BC,4101
WEST END,4101
BURANDA,4102
DUTTON PARK,4102
PRINCESS ALEXANDRA HOSPITAL,4102
WOOLLOONGABBA,4102
ANNERLEY,4103
ANNERLEY DC,4103
FAIRFIELD,4103
FAIRFIELD GARDENS,4103
THOMPSON ESTATE,4103
YERONGA,4104
YERONGA WEST,4104
CLIFTON HILL,4105
MOOROOKA,4105
MOORVALE,4105
TENNYSON,4105
YEERONGPILLY,4105
BRISBANE MARKET,4106
ROCKLEA,4106
ROCKLEA DC,4106
SALISBURY,4107
SALISBURY EAST,4107
ARCHERFIELD,4108
ARCHERFIELD BC,4108
COOPERS PLAINS,4108
ALTANDI,4109
BANOON,4109
MACGREGOR,4109
ROBERTSON,4109
SUNNYBANK,4109
SUNNYBANK HILLS,4109
SUNNYBANK SOUTH,4109
ACACIA RIDGE,4110
ACACIA RIDGE BC,4110
ACACIA RIDGE DC,4110
HEATHWOOD,4110
HEATHWOOD DF,4110
LARAPINTA,4110
PALLARA,4110
WILLAWONG,4110
GRIFFITH UNIVERSITY,4111
NATHAN,4111
KURABY,4112
EIGHT MILE PLAINS,4113
FRUITGROVE,4113
RUNCORN,4113
KINGSTON,4114
LOGAN CENTRAL,4114
LOGAN CITY BC,4114
LOGAN CITY DC,4114
TRINDER PARK,4114
WOODRIDGE,4114
WOODRIDGE EAST,4114
ALGESTER,4115
PARKINSON,4115
CALAMVALE,4116
DREWVALE,4116
STRETTON,4116
BERRINBA,4117
KARAWATHA,4117
BROWNS PLAINS,4118
BROWNS PLAINS BC,4118
BROWNSLEIGH,4118
FORESTDALE,4118
HERITAGE PARK,4118
HILLCREST,4118
REGENTS PARK,4118
UNDERWOOD,4119
GREENSLOPES,4120
LORETO HILL,4120
STONES CORNER,4120
EKIBIN,4121
HOLLAND PARK,4121
HOLLAND PARK EAST,4121
HOLLAND PARK WEST,4121
MOUNT THOMPSON,4121
TARRAGINDI,4121
WELLERS HILL,4121
MANSFIELD,4122
MANSFIELD BC,4122
MANSFIELD DC,4122
MOUNT GRAVATT,4122
MOUNT GRAVATT EAST,4122
UPPER MOUNT GRAVATT,4122
UPPER MOUNT GRAVATT BC,4122
WISHART,4122
PRIESTS GULLY,4123
ROCHEDALE,4123
ROCHEDALE SOUTH,4123
BORONIA HEIGHTS,4124
GREENBANK,4124
LYONS,4124
NEW BEITH,4124
SILVERBARK RIDGE,4124
MUNRUBEN,4125
PARK RIDGE,4125
PARK RIDGE SOUTH,4125
CHATSWOOD HILLS,4127
DAISY HILL,4127
PRIESTDALE,4127
SLACKS CREEK,4127
SPRINGWOOD,4127
SPRINGWOOD BC,4127
KIMBERLEY PARK,4128
LOGAN HYPERDOME BC,4128
SHAILER PARK,4128
TANAH MERAH,4128
LOGANDALE,4129
LOGANHOLME,4129
LOGANHOLME BC,4129
LOGANHOLME DC,4129
CARBROOK,4130
CORNUBIA,4130
LOGANLEA,4131
MEADOWBROOK,4131
CRESTMEAD,4132
CRESTMEAD DC,4132
MARSDEN,4132
MARSDEN POSTAL DEPOT,4132
CHAMBERS FLAT,4133
LOGAN RESERVE,4133
WATERFORD,4133
WATERFORD WEST,4133
COORPAROO,4151
COORPAROO BC,4151
COORPAROO DC,4151
CAMP HILL,4152
CARINA,4152
CARINA HEIGHTS,4152
CARINA NORTH,4152
CARINDALE,4152
WHITES HILL,4152
BELMONT,4153
BELMONT HEIGHTS,4153
GUMDALE,4154
RANSOME,4154
WAKERLEY,4154
CHANDLER,4155
BURBANK,4156
MACKENZIE,4156
CAPALABA,4157
CAPALABA BC,4157
CAPALABA DC,4157
CAPALABA WEST,4157
SHELDON,4157
THORNESIDE,4158
BIRKDALE,4159
EROBIN,4160
ORMISTON,4160
WELLINGTON POINT,4160
ALEXANDRA HILLS,4161
CLEVELAND,4163
CLEVELAND DC,4163
PINKLANDS,4164
THORNLANDS,4164
MOUNT COTTON,4165
POINT HALLORAN,4165
POINT TALBURPIN,4165
REDLAND BAY,4165
VICTORIA POINT,4165
VICTORIA POINT WEST,4165
EAST BRISBANE,4169
KANGAROO POINT,4169
STANLEY BRIDGE,4169
CANNON HILL,4170
COLMSLIE,4170
MORNINGSIDE,4170
NORMAN PARK,4170
SEVEN HILLS,4170
BALMORAL,4171
BULIMBA,4171
GALLOWAYS HILL,4171
HAWTHORNE,4171
MURARRIE,4172
TINGALPA,4173
TINGALPA BC,4173
TINGALPA DC,4173
DOBOY,4174
HEMMANT,4174
LINDUM,4178
LYTTON,4178
PORT OF BRISBANE,4178
WYNNUM,4178
WYNNUM CENTRAL,4178
WYNNUM NORTH,4178
WYNNUM PLAZA,4178
WYNNUM WEST,4178
LOTA,4179
MANLY,4179
MANLY WEST,4179
AMITY,4183
AMITY POINT,4183
DUNWICH,4183
NORTH STRADBROKE ISLAND,4183
POINT LOOKOUT,4183
COOCHIEMUDLO ISLAND,4184
KARRAGARRA ISLAND,4184
LAMB ISLAND,4184
MACLEAY ISLAND,4184
PEEL ISLAND,4184
PERULPA ISLAND,4184
RUSSELL ISLAND,4184
BETHANIA,4205
ALBERTON,4207
BAHRS SCRUB,4207
BANNOCKBURN,4207
BEENLEIGH,4207
BELIVAH,4207
BUCCAN,4207
CABBAGE TREE POINT,4207
CEDAR CREEK,4207
EAGLEBY,4207
EDENS LANDING,4207
HOLMVIEW,4207
KAIRABAH,4207
LOGAN VILLAGE,4207
LUSCOMBE,4207
MOUNT WARREN PARK,4207
STAPYLTON,4207
STEIGLITZ,4207
WINDAROO,4207
WOLFFDENE,4207
WOONGOOLBA,4207
YARRABILBA,4207
YATALA,4207
YATALA DC,4207
YELLOW WOOD,4207
BURNSIDE,4208
GILBERTON,4208
HALFWAY CREEK,4208
JACOBS WELL,4208
KINGSHOLME,4208
NORWELL,4208
ORMEAU,4208
ORMEAU HILLS,4208
CANOWINDRA,4209
COOMERA,4209
PIMPAMA,4209
UPPER COOMERA,4209
WILLOW VALE,4209
GUANABA,4210
MAUDSLAND,4210
OXENFORD,4210
STUDIO VILLAGE,4210
WONGAWALLAN,4210
ADVANCETOWN,4211
BEECHMONT,4211
BINNA BURRA,4211
CARRARA,4211
CLAGIRABA,4211
GAVEN,4211
GILSTON,4211
HIGHLAND PARK,4211
LATIMER,4211
LOWER BEECHMONT,4211
MOUNT NATHAN,4211
NATURAL BRIDGE,4211
NERANG,4211
NERANG BC,4211
NERANG DC,4211
NUMINBAH VALLEY,4211
PACIFIC PINES,4211
PINDARI HILLS,4211
SOUTHERN LAMINGTON,4211
BOYKAMBIL,4212
HELENSVALE,4212
HELENSVALE TOWN CENTRE,4212
HOPE ISLAND,4212
MONTEREY KEYS,4212
SANCTUARY COVE,4212
SANTA BARBARA,4212
AUSTINVILLE,4213
BONOGIN,4213
MUDGEERABA,4213
NERANWOOD,4213
SPRINGBROOK,4213
TALLAI,4213
WORONGARY,4213
ARUNDEL,4214
ARUNDEL BC,4214
ARUNDEL DC,4214
ASHMORE,4214
ASHMORE CITY,4214
MOLENDINAR,4214
PARKWOOD,4214
AUSTRALIA FAIR,4215
CHIRN PARK,4215
KEEBRA PARK,4215
LABRADOR,4215
SOUTHPORT,4215
SOUTHPORT BC,4215
SOUTHPORT PARK,4215
SUNDALE,4215
ANGLERS PARADISE,4216
BIGGERA WATERS,4216
COOMBABAH,4216
CURRIGEE,4216
HOLLYWELL,4216
PARADISE POINT,4216
PARADISE POINT KEYS,4216
RUNAWAY BAY,4216
SOUTH STRADBROKE,4216
SOVEREIGN ISLANDS,4216
BENOWA,4217
BUNDALL,4217
BUNDALL BC,4217
BUNDALL DC,4217
CHEVRON ISLAND,4217
GOLD COAST MC,4217
ISLE OF CAPRI,4217
MAIN BEACH,4217
PARADISE ISLAND,4217
PARADISE WATERS,4217
SORRENTO,4217
SURFERS PARADISE,4217
THE SPIT,4217
BROADBEACH,4218
BROADBEACH WATERS,4218
CYPRESS GARDENS,4218
FLORIDA GARDENS,4218
MERMAID BEACH,4218
MERMAID KEYS,4218
MERMAID WATERS,4218
MIAMI KEYS,4218
MOANA PARK,4218
NOBBY BEACH,4218
PACIFIC FAIR,4218
Q SUPERCENTRE,4218
RIALTO,4218
RIO VISTA,4218
WEST BURLEIGH,4219
BURLEIGH BC,4220
BURLEIGH DC,4220
BURLEIGH HEADS,4220
BURLEIGH TOWN,4220
BURLEIGH WATERS,4220
MIAMI,4220
TALLY VALLEY,4220
ELANORA,4221
PALM BEACH,4221
GRIFFITH UNIVERSITY,4222
CURRUMBIN,4223
CURRUMBIN DC,4223
CURRUMBIN VALLEY,4223
CURRUMBIN WATERS,4223
TUGUN,4224
TUGUN HEIGHTS,4224
BILINGA,4225
COOLANGATTA,4225
GREENMOUNT,4225
GREENMOUNT,4225
KIRRA,4225
RAINBOW BAY,4225
CLEAR ISLAND WATERS,4226
KERRYDALE,4226
MERRIMAC,4226
ROBINA,4226
ROBINA DC,4226
REEDY CREEK,4227
VARSITY LAKES,4227
INGLESIDE,4228
TALLEBUDGERA,4228
TALLEBUDGERA VALLEY,4228
BOND UNIVERSITY,4229
ROBINA TOWN CENTRE,4230
TAMBORINE,4270
TAMBORINE VILLAGE,4270
EAGLE HEIGHTS,4271
MOUNT TAMBORINE,4272
NORTH TAMBORINE,4272
TAMBORINE MOUNTAIN,4272
BENOBBLE,4275
BIDDADDABA,4275
BLOOMFLEET,4275
BOYLAND,4275
CANUNGRA,4275
FERNY GLEN,4275
FLYING FOX,4275
ILLINBAH,4275
LAMINGTON NATIONAL PARK,4275
O'REILLYS,4275
SARABAH,4275
WITHEREN,4275
WONGLEPONG,4275
FLAGSTONE,4280
GLENLOGAN,4280
JIMBOOMBA,4280
MACLEAN,4280
NORTH MACLEAN,4280
RIVERBEND,4280
SOUTH MACLEAN,4280
STOCKLEIGH,4280
ALLENVIEW,4285
BEAUDESERT,4285
BIRNAM,4285
BROMELTON,4285
CAINBABLE,4285
CEDAR GROVE,4285
CEDAR VALE,4285
CHINGHEE CREEK,4285
CHRISTMAS CREEK,4285
CRYNA,4285
DARLINGTON,4285
FLINDERS LAKES,4285
GLENEAGLE,4285
HILLVIEW,4285
ILBOGAN,4285
INNISPLAIN,4285
JOSEPHVILLE,4285
KAGARU,4285
KERRY,4285
KNAPP CREEK,4285
KOORALBYN,4285
LAMINGTON,4285
LARAVALE,4285
MONARCH GLEN,4285
MOUNT GIPPS,4285
MUNDOOLUN,4285
NINDOOINBAH,4285
OAKY CREEK,4285
TABOOBA,4285
TABRAGALBA,4285
TAMROOKUM,4285
TAMROOKUM CREEK,4285
UNDULLAH,4285
VERESDALE,4285
VERESDALE SCRUB,4285
WOODHILL,4285
BARNEY VIEW,4287
MOUNT BARNEY,4287
MOUNT LINDESAY,4287
PALEN CREEK,4287
RATHDOWNEY,4287
RUNNING CREEK,4287
AUGUSTINE HEIGHTS,4300
BELLBIRD PARK,4300
BROOKWATER,4300
CAMIRA,4300
CAROLE PARK,4300
GAILES,4300
GOODNA,4300
GOODNA DC,4300
GOODNA EAST,4300
OPOSSUM CREEK,4300
SPRING MOUNTAIN,4300
SPRINGFIELD,4300
SPRINGFIELD CENTRAL,4300
SPRINGFIELD LAKES,4300
COLLINGWOOD PARK,4301
GREENWOOD VILLAGE,4301
REDBANK,4301
REDBANK PLAINS,4301
DINMORE,4303
NEW CHUM,4303
RIVERVIEW,4303
BLACKSTONE,4304
BOOVAL,4304
BOOVAL BC,4304
BOOVAL DC,4304
BOOVAL FAIR,4304
BUNDAMBA,4304
EBBW VALE,4304
NORTH BOOVAL,4304
SILKSTONE,4304
BASIN POCKET,4305
BRASSALL,4305
BRASSALL HEIGHTS,4305
BREMER,4305
CHURCHILL,4305
COALFALLS,4305
EAST IPSWICH,4305
EASTERN HEIGHTS,4305
FLINDERS VIEW,4305
IPSWICH,4305
LEICHHARDT,4305
LIMESTONE RIDGES,4305
MOORES POCKET,4305
NEWTOWN,4305
NORTH IPSWICH,4305
NORTH TIVOLI,4305
ONE MILE,4305
RACEVIEW,4305
RAYMONDS HILL,4305
SADLIERS CROSSING,4305
TIVOLI,4305
WEST IPSWICH,4305
WOODEND,4305
WULKURAKA,4305
YAMANTO,4305
AMBERLEY,4306
AVOCA VALE,4306
BANKS CREEK,4306
BARELLAN POINT,4306
BELLHAVEN,4306
BENARKIN,4306
BENARKIN NORTH,4306
BLACKBUTT,4306
BLACKBUTT NORTH,4306
BLACKBUTT SOUTH,4306
BLACKSOIL,4306
BLACKWALL,4306
BORALLON,4306
CHERRY CREEK,4306
CHUWAR,4306
COLINTON,4306
DEEBING HEIGHTS,4306
DUNDAS,4306
ENGLAND CREEK,4306
FAIRNEY VIEW,4306
FERNVALE,4306
FOREST GLADE,4306
GLAMORGAN VALE,4306
GOOGA CREEK,4306
GOOLMAN,4306
HAIGSLEA,4306
HARLIN,4306
HOLTS HILL,4306
IRONBARK,4306
KARALEE,4306
KARANA DOWNS,4306
KARRABIN,4306
KHOLO,4306
LAKE MANCHESTER,4306
LARK HILL,4306
LINVILLE,4306
LOAMSIDE,4306
MONSILDALE,4306
MOORE,4306
MOUNT BINGA,4306
MOUNT CROSBY,4306
MOUNT MARROW,4306
MOUNT STANLEY,4306
MUIRLEA,4306
NUKKU,4306
PEAK CROSSING,4306
PINE MOUNTAIN,4306
PURGA,4306
RIPLEY,4306
SOUTH RIPLEY,4306
SPLIT YARD CREEK,4306
SWANBANK,4306
TAROMEO,4306
TEELAH,4306
THAGOONA,4306
VERNOR,4306
WALLOON,4306
WANORA,4306
WASHPOOL,4306
WEST AMBERLEY,4306
WHITE ROCK,4306
WILLOWBANK,4306
WIVENHOE,4306
WIVENHOE POCKET,4306
COLEYVILLE,4307
HARRISVILLE,4307
MUTDAPILLY,4307
RADFORD,4307
SILVERDALE,4307
WARRILL VIEW,4307
WILSONS PLAINS,4307
ARATULA,4309
CHARLWOOD,4309
CLUMBER,4309
FASSIFERN,4309
FASSIFERN VALLEY,4309
FRAZERVIEW,4309
KALBAR,4309
KENTS LAGOON,4309
KULGUN,4309
MILORA,4309
MOOGERAH,4309
MORWINCHA,4309
MOUNT EDWARDS,4309
MUNBILLA,4309
OBUM OBUM,4309
TAROME,4309
TEVIOTVILLE,4309
WASHPOOL,4309
ALLANDALE,4310
ANTHONY,4310
BLANTYRE,4310
BOONAH,4310
BUNBURRA,4310
BUNJURGEN,4310
BURNETT CREEK,4310
CANNON CREEK,4310
CARNEYS CREEK,4310
COOCHIN,4310
COULSON,4310
CROFTBY,4310
DUGANDAN,4310
FRENCHES CREEK,4310
HOYA,4310
KENTS POCKET,4310
LAKE MOOGERAH,4310
MAROON,4310
MAROON DAM,4310
MILBONG,4310
MILFORD,4310
MOUNT ALFORD,4310
MOUNT FRENCH,4310
ROADVALE,4310
TEMPLIN,4310
WALLACES CREEK,4310
WOOLOOMAN,4310
WYARALONG,4310
ATKINSONS DAM,4311
BRIGHTVIEW,4311
BUARABA,4311
BUARABA SOUTH,4311
CHURCHABLE,4311
CLARENDON,4311
COOLANA,4311
COOMINYA,4311
LAKE WIVENHOE,4311
LOCKYER WATERS,4311
LOWOOD,4311
MINDEN,4311
MOUNT TARAMPA,4311
PATRICK ESTATE,4311
PRENZLAU,4311
RIFLE RANGE,4311
TARAMPA,4311
WIVENHOE HILL,4311
BRYDEN,4312
CABOONBAH,4312
COAL CREEK,4312
CROSSDALE,4312
ESK,4312
ESKDALE,4312
GLEN ESK,4312
MOOMBRA,4312
MOUNT BYRON,4312
MOUNT HALLEN,4312
MURRUMBA,4312
REDBANK CREEK,4312
SOMERSET DAM,4312
BIARRA,4313
BRAEMORE,4313
COOEEIMBARDI,4313
CRESSBROOK,4313
FULHAM,4313
GREGORS CREEK,4313
IVORY CREEK,4313
LOWER CRESSBROOK,4313
MOUNT BEPPO,4313
OTTABA,4313
SCRUB CREEK,4313
TOOGOOLAWAH,4313
YIMBUN,4313
AVOCA VALE,4314
BENARKIN,4314
BENARKIN NORTH,4314
BLACKBUTT,4314
BLACKBUTT NORTH,4314
BLACKBUTT SOUTH,4314
CHERRY CREEK,4314
COLINTON,4314
GILLA,4314
GOOGA CREEK,4314
HARLIN,4314
LINVILLE,4314
MOORE,4314
MOUNT BINGA,4314
MOUNT STANLEY,4314
NUKKU,4314
TAROMEO,4314
TEELAH,4314
North Sydney,4327
North Sydney,4330
ASHWELL,4340
CALVERT,4340
EBENEZER,4340
GRANDCHESTER,4340
JEEBROPILLY,4340
LANEFIELD,4340
LOWER MOUNT WALKER,4340
MERRYVALE,4340
MOORANG,4340
MOUNT FORBES,4340
MOUNT MORT,4340
MOUNT WALKER,4340
MOUNT WALKER WEST,4340
ROSEVALE,4340
ROSEWOOD,4340
TALLEGALLA,4340
THE BLUFF,4340
WOOLSHED,4340
BLENHEIM,4341
HATTON VALE,4341
KENSINGTON GROVE,4341
KENTVILLE,4341
LAIDLEY,4341
LAIDLEY CREEK WEST,4341
LAIDLEY HEIGHTS,4341
LAIDLEY NORTH,4341
LAIDLEY SOUTH,4341
MOUNT BERRYMAN,4341
MULGOWIE,4341
PLAINLAND,4341
REGENCY DOWNS,4341
SUMMERHOLM,4341
THORNTON,4341
TOWNSON,4341
CROWLEY VALE,4342
FOREST HILL,4342
GLEN CAIRN,4342
GLENORE GROVE,4342
LOCKROSE,4342
LYNFORD,4342
ADARE,4343
BLACK DUCK CREEK,4343
CAFFEY,4343
COLLEGE VIEW,4343
EAST HALDON,4343
FORDSDALE,4343
GATTON,4343
INGOLDSBY,4343
JUNCTION VIEW,4343
LAKE CLARENDON,4343
LAWES,4343
LEFTHAND BRANCH,4343
LOWER TENTHILL,4343
MORTON VALE,4343
MOUNT SYLVIA,4343
PLACID HILLS,4343
RINGWOOD,4343
ROCKSIDE,4343
ROPELEY,4343
SPRING CREEK,4343
UPPER TENTHILL,4343
VINEGAR HILL,4343
WOODBINE,4343
WOODLANDS,4343
CARPENDALE,4344
EGYPT,4344
FLAGSTONE CREEK,4344
HELIDON,4344
HELIDON SPA,4344
IREDALE,4344
LILYDALE,4344
LOCKYER,4344
ROCKMOUNT,4344
SEVENTEEN MILE,4344
SILVER PINCH,4344
SILVER RIDGE,4344
STOCKYARD,4344
UPPER FLAGSTONE,4344
GATTON COLLEGE,4345
MARBURG,4346
GRANTHAM,4347
MA MA CREEK,4347
MOUNT WHITESTONE,4347
VERADILLA,4347
WINWILL,4347
ATHOL,4350
BLUE MOUNTAIN HEIGHTS,4350
CARRINGTON,4350
CENTENARY HEIGHTS,4350
CHARLTON,4350
CLIFFORD GARDENS,4350
COTSWOLD HILLS,4350
CRANLEY,4350
DARLING HEIGHTS,4350
DRAYTON,4350
DRAYTON NORTH,4350
EAST TOOWOOMBA,4350
EASTLAKE,4350
FINNIE,4350
GLENVALE,4350
GLENVALE PARK,4350
GOWRIE,4350
GOWRIE MOUNTAIN,4350
HARLAXTON,4350
HARRISTOWN,4350
KEARNEYS SPRING,4350
MACDONALDTOWN,4350
MIDDLE RIDGE,4350
MOUNT KYNOCH,4350
MOUNT LOFTY,4350
MOUNT RASCAL,4350
NEWTOWN,4350
NORTH TOOWOOMBA,4350
NORTHLANDS,4350
PICNIC POINT,4350
PRINCE HENRY HEIGHTS,4350
RANGEVILLE,4350
REDWOOD,4350
ROCKVILLE,4350
SOUTH TOOWOOMBA,4350
SOUTHTOWN,4350
TOOWOOMBA,4350
TOOWOOMBA BC,4350
TOOWOOMBA CITY,4350
TOOWOOMBA DC,4350
TOOWOOMBA EAST,4350
TOOWOOMBA SOUTH,4350
TOOWOOMBA VILLAGE FAIR,4350
TOOWOOMBA WEST,4350
TOP CAMP,4350
TORRINGTON,4350
WELLCAMP,4350
WESTBROOK,4350
WILSONTON,4350
WILSONTON HEIGHTS,4350
WYALLA PLAZA,4350
AMIENS,4352
BALLARD,4352
BAPAUME,4352
BIRNAM,4352
BLANCHVIEW,4352
BRANCHVIEW,4352
CABARLAH,4352
CAWDOR,4352
CEMENT MILLS,4352
COALBANK,4352
CONDAMINE PLAINS,4352
CUTELLA,4352
DERRYMORE,4352
DJUAN,4352
DOCTOR CREEK,4352
EVERGREEN,4352
FIFTEEN MILE,4352
GEHAM,4352
GLENCOE,4352
GORE,4352
GOWRIE JUNCTION,4352
GOWRIE LITTLE PLAIN,4352
GRAPE TREE,4352
GRAPETREE,4352
GROOMSVILLE,4352
HAMPTON,4352
HIGHFIELDS,4352
HIGHGROVE,4352
HODGSON VALE,4352
IREDALE,4352
KARARA,4352
KLEINTON,4352
KULPI,4352
KURROWAH,4352
LILYVALE,4352
LYRA,4352
MACLAGAN,4352
MALLING,4352
MERINGANDAN,4352
MERINGANDAN WEST,4352
MERRITTS CREEK,4352
MOUNT LUKE,4352
MUNIGANEEN,4352
MURPHYS CREEK,4352
NARKO,4352
NORTH MACLAGAN,4352
NUTGROVE,4352
OMAN AMA,4352
PALM TREE,4352
PALMTREE,4352
PAMPAS,4352
PECHEY,4352
PERANGA,4352
PERSEVERANCE,4352
POSTMANS RIDGE,4352
POZIERES,4352
PRESTON,4352
RAMSAY,4352
RANGEMORE,4352
RAVENSBOURNE,4352
SEVERNLEA,4352
SILVER RIDGE,4352
SPRING BLUFF,4352
ST AUBYN,4352
THORNVILLE,4352
TOOWOOMBA MC,4352
TUMMAVILLE,4352
UMBIRAM,4352
UPPER LOCKYER,4352
VALE VIEW,4352
WHICHELLO,4352
WHITE MOUNTAIN,4352
WITHCOTT,4352
WOODLEIGH,4352
WOOLMER,4352
WUTUL,4352
WYREEMA,4352
YALANGUR,4352
YANDILLA,4352
BERGEN,4353
EAST COOYAR,4353
HADEN,4353
DOUGLAS,4354
GOOMBUNGEE,4354
KILBIRNIE,4354
ANDURAMBA,4355
CRESSBROOK CREEK,4355
CROWS NEST,4355
EMU CREEK,4355
GENAVEN,4355
GLENAVEN,4355
GLENHAVEN,4355
JONES GULLY,4355
MOUNTAIN CAMP,4355
NUKINENDA,4355
PIERCE CREEK,4355
PIERCES CREEK,4355
PINELANDS,4355
PLAINBY,4355
SYLVIA VALE,4355
THE BLUFF,4355
UPPER PINELANDS,4355
BONGEEN,4356
BROXBURN,4356
EVANSLEA,4356
IRONGATE,4356
KINCORA,4356
LINTHORPE,4356
MOTLEY,4356
MOUNT TYSON,4356
NORTH BRANCH,4356
NORWIN,4356
PITTSWORTH,4356
PURRAWUNDA,4356
ROSSVALE,4356
SCRUBBY MOUNTAIN,4356
SPRINGSIDE,4356
ST HELENS,4356
STONELEIGH,4356
YARRANLEA,4356
BRINGALILY,4357
BULLI CREEK,4357
CANNING CREEK,4357
CAPTAINS MOUNTAIN,4357
CLONTARF,4357
CONDAMINE FARMS,4357
CYPRESS GARDENS,4357
DOMVILLE,4357
FOREST RIDGE,4357
GRAYS GATE,4357
KOOROONGARRA,4357
LAVELLE,4357
LEMONTREE,4357
MILLMERRAN,4357
MILLMERRAN DOWNS,4357
MILLMERRAN WOODS,4357
MILLWOOD,4357
MOUNT EMLYN,4357
PUNCHS CREEK,4357
ROCKY CREEK,4357
STONEHENGE,4357
THE PINES,4357
TURALLIN,4357
WATTLE RIDGE,4357
WESTERN CREEK,4357
WOONDUL,4357
CAMBOOYA,4358
FELTON,4358
FELTON EAST,4358
FELTON SOUTH,4358
RAMSAY,4358
VALE VIEW,4358
ASCOT,4359
BUDGEE,4359
EAST GREENMOUNT,4359
GREENMOUNT,4359
GREENMOUNT EAST,4359
HIRSTGLEN,4359
WEST HALDON,4359
NOBBY,4360
BACK PLAINS,4361
CLIFTON,4361
ELLANGOWAN,4361
ELPHINSTONE,4361
HEADINGTON HILL,4361
KINGS CREEK,4361
MANAPOURI,4361
MISSEN FLAT,4361
MOUNT MOLAR,4361
NEVILTON,4361
PILTON,4361
RYEFORD,4361
SANDY CAMP,4361
SPRING CREEK,4361
UPPER PILTON,4361
VICTORIA HILL,4361
ALLORA,4362
BERAT,4362
DEUCHAR,4362
ELLINTHORP,4362
GOOMBURRA,4362
HENDON,4362
MOUNT MARSHALL,4362
TALGAI,4362
SOUTHBROOK,4363
BROOKSTEAD,4364
LEYBURN,4365
ALLAN,4370
BONY MOUNTAIN,4370
CANNINGVALE,4370
CHERRY GULLY,4370
CLINTONVALE,4370
CUNNINGHAM,4370
DANDEROO,4370
ELBOW VALLEY,4370
FREESTONE,4370
GLADFIELD,4370
GLENGALLAN,4370
GLENNIE HEIGHTS,4370
GREYMARE,4370
JUNABEE,4370
LESLIE,4370
LESLIE DAM,4370
LOCH LOMOND,4370
MARYVALE,4370
MASSIE,4370
MONTROSE,4370
MORGAN PARK,4370
MOUNT COLLIERY,4370
MOUNT STURT,4370
MOUNT TABOR,4370
MURRAYS BRIDGE,4370
NORTH BRANCH,4370
PRATTEN,4370
RODGERS CREEK,4370
ROSEHILL,4370
ROSENTHAL,4370
ROSENTHAL HEIGHTS,4370
SILVERWOOD,4370
SLADEVALE,4370
SWAN CREEK,4370
THANE,4370
THANES CREEK,4370
THE GLEN,4370
THE HERMITAGE,4370
TOOLBURRA,4370
TREGONY,4370
UPPER FREESTONE,4370
UPPER WHEATVALE,4370
WARWICK,4370
WARWICK DC,4370
WHEATVALE,4370
WILDASH,4370
WILLOWVALE,4370
WIYARRA,4370
WOMINA,4370
EMU VALE,4371
SWANFELS,4371
YANGAN,4371
TANNYMOREL,4372
KILLARNEY,4373
THE FALLS,4373
THE HEAD,4373
DALVEEN,4374
COTTONVALE,4375
FLEURBAIX,4375
THULIMBAH,4376
GLEN NIVEN,4377
MARYLAND,4377
THE SUMMIT,4377
APPLETHORPE,4378
AMIENS,4380
AMOSFIELD,4380
BROADWATER,4380
CANNON CREEK,4380
DALCOUTH,4380
DIAMONDVALE,4380
EUKEY,4380
GLENLYON,4380
GREENLANDS,4380
KYOOMBA,4380
MINGOOLA,4380
MINGOOLA,4380
MOUNT TULLY,4380
NUNDUBBERMERE,4380
PIKEDALE,4380
PIKES CREEK,4380
RUBY CREEK,4380
SEVERNLEA,4380
SPRINGDALE,4380
STANTHORPE,4380
STORM KING,4380
SUGARLOAF,4380
THORNDALE,4380
UNDERCLIFFE,4380
FLETCHER,4381
GLEN APLIN,4381
BALLANDEAN,4382
GIRRAWEEN,4382
LYRA,4382
SOMME,4382
WYBERBA,4382
JENNINGS,4383
WALLANGARRA,4383
LIMEVALE,4384
BEEBO,4385
BONSHAW,4385
CAMP CREEK,4385
GLENARBON,4385
MAIDENHEAD,4385
RIVERTON,4385
SILVER SPUR,4385
SMITHLEA,4385
TEXAS,4385
TEXAS,4385
WATSONS CROSSING,4385
BRUSH CREEK,4387
BYBERA,4387
COOLMUNDA,4387
GREENUP,4387
INGLEWOOD,4387
MOSQUITO CREEK,4387
TERRICA,4387
WARROO,4387
WHETSTONE,4387
KURUMBUL,4388
YELARBON,4388
BILLA BILLA,4390
CALINGUNEE,4390
CALLANDOON,4390
GOODAR,4390
GOONDIWINDI,4390
KINDON,4390
LUNDAVRA,4390
WONDALLI,4390
WYAGA,4390
YAGABURNE,4390
KINGSTHORPE,4400
ACLAND,4401
AUBIGNY,4401
BALGOWAN,4401
BIDDESTON,4401
BOODUA,4401
DEVON PARK,4401
GREENWOOD,4401
HIGHLAND PLAINS,4401
KELVINHAUGH,4401
MOUNT IRVING,4401
MULDU,4401
OAKEY,4401
ROSALIE PLAINS,4401
SABINE,4401
SILVERLEIGH,4401
YARGULLEN,4401
COOYAR,4402
KOORALGIN,4402
UPPER COOYAR CREEK,4402
BRYMAROO,4403
JONDARYAN,4403
MALU,4403
MOUNT MORIAH,4403
QUINALOW,4403
WEST PRAIRIE,4403
BOWENVILLE,4404
FORMARTIN,4404
IRVINGDALE,4404
WAINUI,4404
BLAXLAND,4405
BRAEMAR FOREST,4405
BROADWATER,4405
BUNYA MOUNTAINS,4405
DAANDINE,4405
DALBY,4405
DUCKLO,4405
GRASSDALE,4405
KUMBARILLA,4405
KUPUNN,4405
MALAKOFF,4405
MARMADUA,4405
MOWBULLAN,4405
PIRRINUAN,4405
RANGES BRIDGE,4405
ST RUTH,4405
TIPTON,4405
WERANGA,4405
YAMSION,4405
BOONDANDILLA,4406
HANNAFORD,4406
JIMBOUR,4406
KAIMKILLENBUN,4406
KOGAN,4406
MACALISTER,4406
MOOLA,4406
MOONIE,4406
SOUTHWOOD,4406
THE GUMS,4406
WEIR RIVER,4406
CATTLE CREEK,4407
CECIL PLAINS,4407
DUNMORE,4407
NANGWEE,4407
BELL,4408
COORANGA NORTH,4408
JANDOWAE,4410
WARRA,4411
BRIGALOW,4412
BAKING BOARD,4413
BOONARGA,4413
BURNCLUITH,4413
CAMEBY,4413
CANAGA,4413
CHANCES PLAIN,4413
CHANCES PLAINS,4413
CHINCHILLA,4413
CROSSROADS,4413
DURAH,4413
HOPELAND,4413
MONTROSE,4413
WIEAMBILLA,4413
BOORTKOI,4415
COLUMBOOLA,4415
DALWOGAN,4415
DALWOGON,4415
GURULMUNDI,4415
HOOKSWOOD,4415
KOWGURAN,4415
MILES,4415
MYALL PARK,4415
PELHAM,4415
BARRAMORNIE,4416
CONDAMINE,4416
MORABY,4416
NANGRAM,4416
PINE HILLS,4416
SUNNYSIDE,4416
YULABILLA,4416
NOORINDOO,4417
OBERINA,4417
PARKNOOK,4417
SURAT,4417
WARKON,4417
WELLESLEY,4417
WERIBONE,4417
GULUGUBA,4418
COCKATOO,4419
GROSMONT,4419
WANDOAN,4419
BROADMERE,4420
COORADA,4420
GHINGHINDA,4420
GLENHAUGHTON,4420
GWAMBEGWINE,4420
HORNET BANK,4420
PEEK-A-DOO,4420
SPRING CREEK,4420
TAROOM,4420
GORANBA,4421
TARA,4421
COOMRITH,4422
FLINTON,4422
INGLESTONE,4422
MEANDARRA,4422
WESTMAR,4422
COOMRITH,4423
GLENMORGAN,4423
TEELBA,4423
DRILLHAM,4424
DRILLHAM SOUTH,4424
GLENAUBYN,4424
BOGANDILLA,4425
DULACCA,4425
JACKSON,4426
JACKSON NORTH,4426
JACKSON SOUTH,4426
CLIFFORD,4427
YULEBA,4427
YULEBA NORTH,4427
YULEBA SOUTH,4427
PICKANJINNIE,4428
WALLUMBILLA,4428
WALLUMBILLA NORTH,4428
WALLUMBILLA SOUTH,4428
BAFFLE WEST,4454
BEILBA,4454
DURHAM DOWNS,4454
HIGHLAND PLAINS,4454
HUTTON CREEK,4454
INJUNE,4454
MOUNT HUTTON,4454
PONY HILLS,4454
SIMMIE,4454
UPPER DAWSON,4454
WESTGROVE,4454
ANGELLALA,4455
BALLAROO,4455
BLYTHDALE,4455
BUNGEWORGORAI,4455
BUNGIL,4455
BYMOUNT,4455
CORNWALL,4455
DARGAL ROAD,4455
EUMAMURRIN,4455
EUTHULLA,4455
GUNNEWIN,4455
HODGSON,4455
MOOGA,4455
MOUNT ABUNDANCE,4455
MOUNT BINDANGO,4455
ORALLO,4455
ORANGE HILL,4455
ROMA,4455
TINGUN,4455
WYCOMBE,4455
MUCKADILLA,4461
AMBY,4462
DUNKELD,4465
FORESTVALE,4465
MITCHELL,4465
V GATE,4465
WOMALILLA,4465
MUNGALLALA,4467
REDFORD,4467
TYRCONNEL,4467
CLARA CREEK,4468
MORVEN,4468
BAKERS BEND,4470
CHARLEVILLE,4470
GOWRIE STATION,4470
LANGLO,4470
MURWEH,4470
RIVERSLEIGH,4470
WARD,4470
CLAVERTON,4471
NARDOO SIDING,4471
BLACKALL,4472
MOUNT ENNISKILLEN,4472
ADAVALE,4474
CHEEPIE,4475
AUGATHELLA,4477
UPPER WARREGO,4477
BAYRICK,4478
CALDERVALE,4478
LANSDOWNE,4478
LUMEAH,4478
MACFARLANE,4478
MINNIE DOWNS,4478
SCRUBBY CREEK,4478
TAMBO,4478
WINDEYER,4478
YANDARLO,4478
COOLADDI,4479
EROMANGA,4480
QUILPIE,4480
FARRARS CREEK,4481
TANBAR,4481
WINDORAH,4481
BIRDSVILLE,4482
DIRRANBANDI,4486
HEBEL,4486
BEGONIA,4487
ST GEORGE,4487
BOLLON,4488
NEBINE,4488
WYANDRA,4489
BARRINGUN,4490
COONGOOLA,4490
CUNNAMULLA,4490
CUTTABURRA,4490
HUMEBURN,4490
JOBS GATE,4490
LINDEN,4490
NOORAMA,4490
TUEN,4490
WIDGEEGOARA,4490
YOWAH,4490
EULO,4491
BULLAWARRA,4492
BULLOO DOWNS,4492
DYNEVOR,4492
NOCKATUNGA,4492
NORLEY,4492
THARGOMINDAH,4492
HUNGERFORD,4493
BUNGUNYA,4494
NORTH BUNGUNYA,4494
TARAWERA,4494
NORTH TALWOOD,4496
SOUTH TALWOOD,4496
TALWOOD,4496
DAYMAR,4497
THALLON,4497
WEENGALLON,4497
KIOMA,4498
TOOBEAH,4498
BRAY PARK,4500
BRENDALE,4500
BRENDALE BC,4500
BRENDALE DC,4500
CASHMERE,4500
CLEAR MOUNTAIN,4500
JOYNER,4500
STRATHPINE,4500
STRATHPINE CENTRE,4500
STRATHPINE CITY,4500
WARNER,4500
LAWNTON,4501
FRENCHS FOREST,4502
PETRIE,4502
DAKABIN,4503
DOHLES ROCKS,4503
GRIFFIN,4503
KALLANGUR,4503
KURWONGBAH,4503
MURRUMBA DOWNS,4503
WHITESIDE,4503
NARANGBA,4504
BURPENGARY,4505
BURPENGARY DC,4505
BURPENGARY EAST,4505
MOORINA,4506
MORAYFIELD,4506
BANKSIA BEACH,4507
BELLARA,4507
BONGAREE,4507
BRIBIE ISLAND,4507
BRIBIE ISLAND DC,4507
BRIBIE ISLAND NORTH,4507
WELSBY,4507
WHITE PATCH,4507
WOORIM,4507
DECEPTION BAY,4508
MANGO HILL,4509
NORTH LAKES,4509
BALINGOOL,4510
BEACHMERE,4510
BELLMERE,4510
CABOOLTURE,4510
CABOOLTURE BC,4510
CABOOLTURE SOUTH,4510
DONNYBROOK,4510
MELDALE,4510
MOODLU,4510
ROCKSBERG,4510
TOORBUL,4510
UPPER CABOOLTURE,4510
GODWIN BEACH,4511
NINGI,4511
SANDSTONE POINT,4511
BRACALBA,4512
WAMURAN,4512
WAMURAN BASIN,4512
BELLTHORPE,4514
CEDARTON,4514
COMMISSIONERS FLAT,4514
D'AGUILAR,4514
DELANEYS CREEK,4514
MOUNT ARCHER,4514
MOUNT DELANEY,4514
NEURUM,4514
STANMORE,4514
STONY CREEK,4514
VILLENEUVE,4514
WOODFORD,4514
GLENFERN,4515
HAZELDEAN,4515
JIMNA,4515
KILCOY,4515
KINGAHAM,4515
MONSILDALE,4515
MOUNT KILCOY,4515
ROYSTON,4515
SANDY CREEK,4515
SHEEP STATION CREEK,4515
WINYA,4515
WOOLMAR,4515
ELIMBAH,4516
BEERBURRUM,4517
GLASS HOUSE MOUNTAINS,4518
BEERWAH,4519
COOCHIN CREEK,4519
CROHAMHURST,4519
PEACHESTER,4519
ARMSTRONG CREEK,4520
CAMP MOUNTAIN,4520
CEDAR CREEK,4520
CLOSEBURN,4520
DRAPER,4520
ENOGGERA RESERVOIR,4520
HIGHVALE,4520
JOLLYS LOOKOUT,4520
KOBBLE CREEK,4520
MOUNT GLORIOUS,4520
MOUNT NEBO,4520
MOUNT SAMSON,4520
SAMFORD,4520
SAMFORD VALLEY,4520
SAMFORD VILLAGE,4520
SAMSONVALE,4520
WIGHTS MOUNTAIN,4520
YUGAR,4520
CAMPBELLS POCKET,4521
DAYBORO,4521
KING SCRUB,4521
LACEYS CREEK,4521
MOUNT MEE,4521
MOUNT PLEASANT,4521
OCEAN VIEW,4521
RUSH CREEK,4521
LANDSBOROUGH,4550
MOUNT MELLUM,4550
AROONA,4551
BARINGA,4551
BATTERY HILL,4551
BELLS CREEK,4551
CALOUNDRA,4551
CALOUNDRA BC,4551
CALOUNDRA DC,4551
CALOUNDRA WEST,4551
CURRIMUNDI,4551
DIAMOND HEAD,4551
DICKY BEACH,4551
GOLDEN BEACH,4551
KINGS BEACH,4551
LITTLE MOUNTAIN,4551
MERIDAN PLAINS,4551
MOFFAT BEACH,4551
PELICAN WATERS,4551
SHELLY BEACH,4551
BALD KNOB,4552
BALMORAL RIDGE,4552
BAROON POCKET,4552
BOOROOBIN,4552
CAMBROON,4552
CONONDALE,4552
CRYSTAL WATERS,4552
CURRAMORE,4552
ELAMAN CREEK,4552
HARPER CREEK,4552
MALENY,4552
MOUNTAIN VIEW,4552
NORTH MALENY,4552
REESVILLE,4552
WITTA,4552
WOOTHA,4552
DIAMOND VALLEY,4553
GLENVIEW,4553
MOOLOOLAH,4553
MOOLOOLAH VALLEY,4553
PALMVIEW,4553
EUDLO,4554
ILKLEY,4554
CHEVALLUM,4555
HUNCHY,4555
LANDERS SHOOT,4555
PALMWOODS,4555
BUDERIM,4556
FOREST GLEN,4556
KUNDA PARK,4556
MONS,4556
SIPPY DOWNS,4556
TANAWHA,4556
MOOLOOLABA,4557
MOUNTAIN CREEK,4557
COTTON TREE,4558
KULUIN,4558
MAROOCHYDORE,4558
MAROOCHYDORE BC,4558
MAROOCHYDORE DC,4558
MAROOCHYDORE SOUTH,4558
SUNSHINE PLAZA,4558
DIDDILLIBAH,4559
KIELS MOUNTAIN,4559
WEST WOOMBYE,4559
WOOMBYE,4559
BLI BLI,4560
BURNSIDE,4560
COES CREEK,4560
COOLOOLABIN,4560
DULONG,4560
FLAXTON,4560
HIGHWORTH,4560
IMAGE FLAT,4560
KIAMBA,4560
KULANGOOR,4560
KUREELPA,4560
MAPLETON,4560
MONTVILLE,4560
NAMBOUR,4560
NAMBOUR BC,4560
NAMBOUR DC,4560
NAMBOUR WEST,4560
PARKLANDS,4560
PERWILLOWEN,4560
ROSEMOUNT,4560
SUNSHINE COAST MC,4560
TOWEN MOUNTAIN,4560
BRIDGES,4561
MAROOCHY RIVER,4561
NINDERRY,4561
NORTH ARM,4561
VALDORA,4561
YANDINA,4561
YANDINA CREEK,4561
BELLI PARK,4562
DOONAN,4562
EERWAH VALE,4562
EUMUNDI,4562
VERRIERDALE,4562
WEYBA DOWNS,4562
BLACK MOUNTAIN,4563
CARTERS RIDGE,4563
COOROY,4563
COOROY MOUNTAIN,4563
LAKE MACDONALD,4563
RIDGEWOOD,4563
SUNRISE HILLS,4563
TINBEERWAH,4563
MARCOOLA,4564
MUDJIMBA,4564
PACIFIC PARADISE,4564
TWIN WATERS,4564
BOREEN,4565
BOREEN POINT,4565
COOROIBAH,4565
COOTHARABA,4565
LAKE COOTHARABA,4565
NOOSA NORTH SHORE,4565
NORTH SHORE,4565
RINGTAIL CREEK,4565
TEEWAH,4565
TEWANTIN,4565
MUNNA POINT,4566
NOOSAVILLE,4566
NOOSAVILLE BC,4566
NOOSAVILLE DC,4566
CASTAWAYS BEACH,4567
LITTLE COVE,4567
NOOSA HEADS,4567
SUNRISE BEACH,4567
SUNSHINE BEACH,4567
FEDERAL,4568
PINBARREN,4568
POMONA,4568
COORAN,4569
AMAMOOR,4570
AMAMOOR CREEK,4570
ANDERLEIGH,4570
ARALUEN,4570
BANKS POCKET,4570
BEENAAM VALLEY,4570
BELLA CREEK,4570
BELLS BRIDGE,4570
BOLLIER,4570
BROOLOO,4570
CALGOA,4570
CALICO CREEK,4570
CANINA,4570
CEDAR POCKET,4570
CHATSWORTH,4570
COLES CREEK,4570
COONDOO,4570
CORELLA,4570
CURRA,4570
DAGUN,4570
DOWNSFIELD,4570
EAST DEEP CREEK,4570
FISHERMANS POCKET,4570
GILLDORA,4570
GLANMIRE,4570
GLASTONBURY,4570
GLEN ECHO,4570
GLENWOOD,4570
GOOMBOORIAN,4570
GREENS CREEK,4570
GUNALDA,4570
GYMPIE,4570
GYMPIE DC,4570
IMBIL,4570
JONES HILL,4570
KANDANGA,4570
KANDANGA CREEK,4570
KANIGAN,4570
KIA ORA,4570
KYBONG,4570
LAGOON POCKET,4570
LAKE BORUMBA,4570
LANGSHAW,4570
LONG FLAT,4570
LOWER WONGA,4570
MARODIAN,4570
MARYS CREEK,4570
MCINTOSH CREEK,4570
MELAWONDI,4570
MIVA,4570
MONKLAND,4570
MOOLOO,4570
MOTHAR MOUNTAIN,4570
MUNNA CREEK,4570
NAHRUNDA,4570
NEERDIE,4570
NEUSA VALE,4570
NORTH DEEP CREEK,4570
PATERSON,4570
PIE CREEK,4570
ROSS CREEK,4570
SANDY CREEK,4570
SCOTCHY POCKET,4570
SCRUBBY CREEK,4570
SEXTON,4570
SOUTHSIDE,4570
ST MARY,4570
TAMAREE,4570
TANDUR,4570
THE DAWN,4570
THE PALMS,4570
THEEBINE,4570
TOOLARA,4570
TOOLARA FOREST,4570
TRAVESTON,4570
TUCHEKOI,4570
TWO MILE,4570
UPPER GLASTONBURY,4570
UPPER KANDANGA,4570
VETERAN,4570
VICTORY HEIGHTS,4570
WALLU,4570
WIDGEE,4570
WIDGEE CROSSING NORTH,4570
WIDGEE CROSSING SOUTH,4570
WILSONS POCKET,4570
WOLVI,4570
WOOLOOGA,4570
WOONDUM,4570
COMO,4571
KIN KIN,4571
WAHPUNGA,4571
ALEXANDRA HEADLAND,4572
COOLUM BEACH,4573
MARCUS BEACH,4573
MOUNT COOLUM,4573
PEREGIAN BEACH,4573
PEREGIAN BEACH SOUTH,4573
PEREGIAN SPRINGS,4573
POINT ARKWRIGHT,4573
YAROOMBA,4573
COOLABINE,4574
GHEERULLA,4574
KENILWORTH,4574
KIDAMAN CREEK,4574
MOY POCKET,4574
OBI OBI,4574
BIRTINYA,4575
BOKARINA,4575
BUDDINA,4575
KAWANA WATERS,4575
MINYAMA,4575
PARREARRA,4575
WARANA,4575
WARANA BEACH,4575
WURTULLA,4575
COOLOOLA,4580
COOLOOLA COVE,4580
TIN CAN BAY,4580
EURONG,4581
FRASER ISLAND,4581
INSKIP,4581
INSKIP POINT,4581
ORCHID BEACH,4581
RAINBOW BEACH,4581
BLACK SNAKE,4600
CINNABAR,4600
KILKIVAN,4600
MUDLO,4600
OAKVIEW,4600
BARAMBAH,4601
BOONARA,4601
BOOUBYJAN,4601
GOOMERI,4601
GOOMERIBONG,4601
KINBOMBI,4601
MANUMBAR,4601
MANYUNG,4601
TANSEY,4601
WRATTENS FOREST,4601
BARLIL,4605
BYEE,4605
CHERBOURG,4605
CLOYNA,4605
COBBS HILL,4605
CROWNTHORPE,4605
GLENROCK,4605
KITOBA,4605
MANYUNG,4605
MERLWOOD,4605
MOFFATDALE,4605
MOONDOONER,4605
MURGON,4605
OAKDALE,4605
REDGATE,4605
SILVERLEAF,4605
SUNNY NOOK,4605
TABLELANDS,4605
WARNUNG,4605
WINDERA,4605
WOOROONDEN,4605
CHELMSFORD,4606
FAIRDALE,4606
FICKS CROSSING,4606
GREENVIEW,4606
LEAFDALE,4606
MOUNT MCEUEN,4606
MP CREEK,4606
WHEATLANDS,4606
WONDAI,4606
CHARLESTOWN,4608
CUSHNIE,4608
TINGOORA,4608
WILKESDALE,4608
WOOROOLIN,4608
ALICE CREEK,4610
BALLOGIE,4610
BENAIR,4610
BOOIE,4610
BOONENNE,4610
BOYNESIDE,4610
CHAHPINGAH,4610
COOLABUNIA,4610
CORNDALE,4610
CRAWFORD,4610
DANGORE,4610
DURONG,4610
DURONG SOUTH,4610
ELLESMERE,4610
GOODGER,4610
GORDONBROOK,4610
HALY CREEK,4610
HODGLEIGH,4610
INVERLAW,4610
IRONPOT,4610
KINGAROY,4610
KINGAROY DC,4610
KUMBIA,4610
MANNUEM,4610
MEMERAMBI,4610
TAABINGA,4610
TAABINGA VILLAGE,4610
WATTLE GROVE,4610
MARSHLANDS,4611
MONDURE,4611
HIVESVILLE,4612
KAWL KAWL,4612
KEYSLAND,4612
STONELANDS,4612
WIGTON,4612
ABBEYWOOD,4613
BOONDOOMA,4613
BRIGOODA,4613
COVERTY,4613
KINLEYMORE,4613
MANAR,4613
MELROSE,4613
OKEDEN,4613
PROSTON,4613
SPEEDWELL,4613
STALWORTH,4613
NEUMGNA,4614
UPPER YARRAMAN,4614
YARRAMAN,4614
BARKER CREEK FLAT,4615
BROOKLANDS,4615
BULLCAMP,4615
EAST NANANGO,4615
ELGIN VALE,4615
GLAN DEVON,4615
JOHNSTOWN,4615
KUNIOON,4615
MAIDENWELL,4615
NANANGO,4615
PIMPIMBUDGEE,4615
RUNNYMEDE,4615
SANDY RIDGES,4615
SOUTH EAST NANANGO,4615
SOUTH NANANGO,4615
TARONG,4615
WATTLE CAMP,4615
WENGENVILLE,4615
WYALLA,4615
ARAMARA,4620
BROOWEENA,4620
DOONGUL,4620
GIGOOMGAN,4620
GLENBAR,4620
GUNGALOON,4620
MALARGA,4620
NORTH ARAMARA,4620
TEEBAR,4620
WOOCOO,4620
BIGGENDEN,4621
BOOMPA,4621
COALSTOUN LAKES,4621
CORINGA,4621
DALLARNIL,4621
DEGILBO,4621
DIDCOT,4621
GOLDEN FLEECE,4621
LAKESIDE,4621
WATERANGA,4621
WOOWOONGA,4621
ARANBANGA,4625
BAN BAN,4625
BAN BAN SPRINGS,4625
BARLYNE,4625
BINJOUR,4625
BLAIRMORE,4625
BON ACCORD,4625
BRANCH CREEK,4625
BYRNESTOWN,4625
CAMPBELL CREEK,4625
DEEP CREEK,4625
DIRNBIR,4625
DUNDARRAH,4625
GAYNDAH,4625
GINOONDAN,4625
GOOROOLBA,4625
HARRIET,4625
HUMPHERY,4625
IDERAWAY,4625
MINGO,4625
MOUNT DEBATEABLE,4625
MOUNT LAWLESS,4625
MOUNT STEADMAN,4625
PENWHAUPELL,4625
PILE GULLY,4625
REIDS CREEK,4625
STOCKHAVEN,4625
THE LIMITS,4625
TOONDAHRA,4625
WAHOON,4625
WETHERON,4625
WILSON VALLEY,4625
WOODMILLAR,4625
YENDA,4625
BEERON,4626
BOYNEWOOD,4626
BROVINIA,4626
CATTLE CREEK,4626
COONAMBULA,4626
DERRI DERRA,4626
DYKEHEAD,4626
GLENRAE,4626
GURGEENA,4626
HAWKWOOD,4626
MONOGORILBY,4626
MUNDOWRAN,4626
MUNDUBBERA,4626
OBIL BIL,4626
O'BIL BIL,4626
OLD COORANGA,4626
PHILPOTT,4626
RIVERLEIGH,4626
ABERCORN,4627
CERATODUS,4627
CHELTENHAM,4627
CYNTHIA,4627
EIDSVOLD,4627
EIDSVOLD EAST,4627
EIDSVOLD WEST,4627
GROSVENOR,4627
MALMOE,4627
WURUMA DAM,4627
BANCROFT,4630
BUKALI,4630
CANIA,4630
CANNINDAH,4630
COOMINGLAH,4630
COOMINGLAH FOREST,4630
DALGA,4630
GLENLEIGH,4630
HARRAMI,4630
KALPOWAR,4630
KAPALDO,4630
LANGLEY,4630
MONAL,4630
MONTO,4630
MOONFORD,4630
MULGILDIE,4630
MUNGUNGO,4630
RAWBELLE,4630
SELENE,4630
SPLINTER CREEK,4630
TELLEBANG,4630
THREE MOON,4630
VENTNOR,4630
YARROL,4630
ALDERSHOT,4650
ANTIGUA,4650
AUBINVILLE,4650
BADDOW,4650
BAUPLE,4650
BAUPLE FOREST,4650
BEAVER ROCK,4650
BIDWILL,4650
BIG TUAN,4650
BOONOOROO,4650
BOONOOROO PLAINS,4650
DUCKINWILLA,4650
DUNDATHU,4650
DUNMORA,4650
FERNEY,4650
GLENDORF,4650
GLENORCHY,4650
GOOTCHIE,4650
GRAHAMS CREEK,4650
GRANVILLE,4650
GUNDIAH,4650
HILLCREST HEIGHTS,4650
ISLAND PLANTATION,4650
LITTLE TUAN,4650
MAAROOM,4650
MAGNOLIA,4650
MARYBOROUGH,4650
MARYBOROUGH DC,4650
MARYBOROUGH WEST,4650
MOUNT STEADMAN,4650
MOUNT URAH,4650
MUNGAR,4650
NETHERBY,4650
OAKHURST,4650
OWANYILLA,4650
PALLAS STREET MARYBOROUGH,4650
PILERWA,4650
PIONEERS REST,4650
POONA,4650
PRAWLE,4650
ST HELENS,4650
ST MARY,4650
TALEGALLA WEIR,4650
TANDORA,4650
TEDDINGTON,4650
THE DIMONDS,4650
THINOOMBA,4650
TIARO,4650
TINANA,4650
TINANA SOUTH,4650
TINNANBAR,4650
TUAN,4650
TUAN FOREST,4650
WALKERS POINT,4650
YENGARIE,4650
YERRA,4650
BOORAL,4655
BUNYA CREEK,4655
CRAIGNISH,4655
DUNDOWRAN,4655
DUNDOWRAN BEACH,4655
ELI WATERS,4655
GHOST HILL,4655
GREAT SANDY STRAIT,4655
HAPPY VALLEY,4655
HERVEY BAY,4655
HERVEY BAY DC,4655
KAWUNGAN,4655
KINGFISHER BAY,4655
KINGFISHER BAY RESORT,4655
NIKENBAH,4655
PIALBA,4655
POINT VERNON,4655
RIVER HEADS,4655
SCARNESS,4655
SUNSHINE ACRES,4655
SUSAN RIVER,4655
TAKURA,4655
TOOGOOM,4655
TORQUAY,4655
URANGAN,4655
URRAWEEN,4655
WALLIEBUM,4655
WALLIGAN,4655
WONDUNNA,4655
BEELBI CREEK,4659
BURGOWAN,4659
BURRUM,4659
BURRUM HEADS,4659
BURRUM RIVER,4659
BURRUM TOWN,4659
HOWARD,4659
PACIFIC HAVEN,4659
ABINGTON,4660
APPLE TREE CREEK,4660
BUXTON,4660
CHERWELL,4660
CHILDERS,4660
CORDALBA,4660
DOOLBI,4660
EUREKA,4660
FARNSFIELD,4660
GOODWOOD,4660
GREGORY RIVER,4660
HORTON,4660
HUXLEY,4660
ISIS CENTRAL,4660
ISIS CENTRAL MILL,4660
ISIS RIVER,4660
KOWBI,4660
KULLOGUM,4660
LYNWOOD,4660
NORTH GREGORY,4660
NORTH ISIS,4660
PROMISEDLAND,4660
REDRIDGE,4660
SOUTH ISIS,4660
WOODGATE,4660
TORBANLEA,4662
ABBOTSFORD,4670
ALLOWAY,4670
ASHFIELD,4670
AVENELL HEIGHTS,4670
AVOCA,4670
AVONDALE,4670
BARGARA,4670
BRANYAN,4670
BUCCA,4670
BUNDABERG,4670
BUNDABERG CENTRAL,4670
BUNDABERG DC,4670
BUNDABERG EAST,4670
BUNDABERG NORTH,4670
BUNDABERG SOUTH,4670
BUNDABERG WEST,4670
BURNETT DOWNS,4670
BURNETT HEADS,4670
CALAVOS,4670
COONARR,4670
CORAL COVE,4670
ELECTRA,4670
ELLIOTT,4670
ELLIOTT HEADS,4670
FAIRYMEAD,4670
GIVELDA,4670
GLENFOREST,4670
GOOBURRUM,4670
INNES PARK,4670
KALKIE,4670
KENSINGTON,4670
KEPNOCK,4670
KINKUNA,4670
MEADOWVALE,4670
MILLBANK,4670
MON REPOS,4670
MOORE PARK,4670
MOORE PARK BEACH,4670
MOORLAND,4670
MULLETT CREEK,4670
NORVILLE,4670
OAKWOOD,4670
PINE CREEK,4670
QUNABA,4670
RUBYANNA,4670
SANTA FE HEIGHTS,4670
SHARON,4670
SOUTH BINGERA,4670
SOUTH KOLAN,4670
SVENSSON HEIGHTS,4670
THABEBAN,4670
WALKERVALE,4670
WATALGAN,4670
WELCOME CREEK,4670
WINDERMERE,4670
WINFIELD,4670
WOONGARRA,4670
BOOLBOONDA,4671
BOOYAL,4671
BULLYARD,4671
BUNGADOO,4671
DALYSFORD,4671
DAMASCUS,4671
DELAN,4671
DOUGHBOY,4671
DRINAN,4671
DUINGAL,4671
GAETA,4671
GIN GIN,4671
GOOD NIGHT,4671
HORSE CAMP,4671
KOLONGA,4671
LAKE MONDURAN,4671
MAROONDAN,4671
MCILWRAITH,4671
MOLANGUL,4671
MONDURAN,4671
MOOLBOOLAMAN,4671
MORGANVILLE,4671
MOUNT PERRY,4671
MUNGY,4671
NEARUM,4671
NEW MOONTA,4671
REDHILL FARMS,4671
SKYRING RESERVE,4671
ST AGNES,4671
ST KILDA,4671
TAKILBERAN,4671
TIRROAN,4671
WALLAVILLE,4671
WONBAH,4671
WONBAH FOREST,4671
LITTABELLA,4673
MIARA,4673
WATERLOO,4673
YANDARAN,4673
BAFFLE CREEK,4674
BERAJONDO,4674
DEEPWATER,4674
EULEILAH,4674
MOUNT MARIA,4674
OYSTER CREEK,4674
ROSEDALE,4674
RULES BEACH,4674
TAUNTON,4674
GINDORAN,4676
LOWMEAD,4676
AGNES WATER,4677
CAPTAIN CREEK,4677
COLOSSEUM,4677
EURIMBULA,4677
MIRIAM VALE,4677
MOUNT TOM,4677
ROUND HILL,4677
SEVENTEEN SEVENTY,4677
BOROREN,4678
FORESHORES,4678
RODDS BAY,4678
TURKEY BEACH,4678
BARMUNDU,4680
BARNEY POINT,4680
BEECHER,4680
BENARABY,4680
BOYNE ISLAND,4680
BOYNE VALLEY,4680
BOYNEDALE,4680
BUILYAN,4680
BURUA,4680
BYELLEE,4680
CALLEMONDAH,4680
CALLIOPE,4680
CLINTON,4680
CURTIS ISLAND,4680
DIGLUM,4680
GLADSTONE,4680
GLADSTONE BC,4680
GLADSTONE CENTRAL,4680
GLADSTONE DC,4680
GLADSTONE HARBOUR,4680
GLADSTONE SOUTH,4680
GLEN EDEN,4680
HERON ISLAND,4680
HETHERINGTON,4680
IVERAGH,4680
KIN KORA,4680
KIRKWOOD,4680
LITTLEMORE,4680
MANY PEAKS,4680
MOUNT ALMA,4680
NAGOORIN,4680
NEW AUCKLAND,4680
O'CONNELL,4680
RIVER RANCH,4680
SOUTH END,4680
SOUTH GLADSTONE,4680
SOUTH TREES,4680
SUN VALLEY,4680
TABLELANDS,4680
TANNUM SANDS,4680
TARAGOOLA,4680
TELINA,4680
TOOLOOA,4680
UBOBO,4680
WEST GLADSTONE,4680
WEST STOWE,4680
WOODERSON,4680
WURDONG HEIGHTS,4680
ALDOGA,4694
TARGINIE,4694
TARGINNIE,4694
YARWUN,4694
AMBROSE,4695
BRACEWELL,4695
DARTS CREEK,4695
EAST END,4695
MACHINE CREEK,4695
MOUNT LARCOM,4695
THE NARROWS,4695
RAGLAN,4697
BAJOOL,4699
PORT ALMA,4699
ALLENSTOWN,4700
DEPOT HILL,4700
FAIRY BOWER,4700
GREAT KEPPEL ISLAND,4700
PORT CURTIS,4700
ROCKHAMPTON,4700
ROCKHAMPTON CITY,4700
ROCKHAMPTON HOSPITAL,4700
THE KEPPELS,4700
THE RANGE,4700
WANDAL,4700
WEST ROCKHAMPTON,4700
BERSERKER,4701
CENTRAL QUEENSLAND UNIVERSITY,4701
FRENCHVILLE,4701
GREENLAKE,4701
IRONPOT,4701
KALKA,4701
KAWANA,4701
KOONGAL,4701
LAKES CREEK,4701
LIMESTONE CREEK,4701
MOUNT ARCHER,4701
NANKIN,4701
NERIMBERA,4701
NORMAN GARDENS,4701
NORTH ROCKHAMPTON,4701
OASIS GARDENS,4701
PARK AVENUE,4701
RED HILL ROCKHAMPTON,4701
ROCKHAMPTON DC,4701
ROCKHAMPTON NORTH,4701
ROCKHAMPTON SHOPPING FAIR,4701
ROCKYVIEW,4701
SANDRINGHAM,4701
THE COMMON,4701
ALBERTA,4702
ALSACE,4702
ALTON DOWNS,4702
ANAKIE,4702
ARGOON,4702
BALCOMBA,4702
BANANA,4702
BARALABA,4702
BARNARD,4702
BINGEGANG,4702
BLACKDOWN,4702
BLUFF,4702
BOGANTUNGAN,4702
BOOLBURRA,4702
BOULDERCOMBE,4702
BUSHLEY,4702
CANAL CREEK,4702
CANOONA,4702
CAWARRAL,4702
CENTRAL QUEENSLAND MC,4702
COMET,4702
CONSUELO,4702
COOMOO,4702
COOROOMAN,4702
COORUMBENE,4702
COOWONGA,4702
DALMA,4702
DINGO,4702
DIXALEA,4702
DULULU,4702
DUMPY CREEK,4702
ETNA CREEK,4702
FERNLEES,4702
GAINSFORD,4702
GARNANT,4702
GEMFIELDS,4702
GINDIE,4702
GLENROY,4702
GOGANGO,4702
GOOMALLY,4702
GOOVIGEN,4702
GOOWARRA,4702
GRACEMERE,4702
JAMBIN,4702
JARDINE,4702
JELLINBAH,4702
JOSKELEIGH,4702
KABRA,4702
KALAPA,4702
KEPPEL SANDS,4702
KOKOTUNGO,4702
KUNWARARA,4702
LOWESBY,4702
MACKENZIE,4702
MARMOR,4702
MIDGEE,4702
MILMAN,4702
MIMOSA,4702
MOONMERA,4702
MORINISH,4702
MORINISH SOUTH,4702
MOUNT CHALMERS,4702
NINE MILE,4702
PARKHURST,4702
PHEASANT CREEK,4702
PINK LILY,4702
PLUM TREE,4702
RANNES,4702
RIDGELANDS,4702
ROLLESTON,4702
ROSSMOYA,4702
RUBYVALE,4702
SAPPHIRE,4702
SHOALWATER,4702
SMOKY CREEK,4702
SOUTH YAAMBA,4702
STANAGE,4702
STANWELL,4702
STEWARTON,4702
TARRAMBA,4702
THE CAVES,4702
THE GEMFIELDS,4702
THOMPSON POINT,4702
TUNGAMULL,4702
ULOGIE,4702
WALLAROO,4702
WESTWOOD,4702
WILLOWS,4702
WILLOWS GEMFIELDS,4702
WITHERSFIELD,4702
WOOLEIN,4702
WOOROONA,4702
WOWAN,4702
WYCARBAH,4702
YALLEROI,4702
YARAKA,4702
ADELAIDE PARK,4703
BANGALEE,4703
BARLOWS HILL,4703
BARMARYEE,4703
BARMOYA,4703
BAYFIELD,4703
BONDOOLA,4703
BUNGUNDARRA,4703
BYFIELD,4703
CAUSEWAY LAKE,4703
COBRABALL,4703
COOEE BAY,4703
FARNBOROUGH,4703
HIDDEN VALLEY,4703
INVERNESS,4703
KEMP BEACH,4703
KINKA BEACH,4703
LAKE MARY,4703
LAMMERMOOR,4703
LAMMERMOOR BEACH,4703
MARYVALE,4703
MEIKLEVILLE HILL,4703
MULAMBIN,4703
MULARA,4703
PACIFIC HEIGHTS,4703
ROSSLYN,4703
STATUE BAY,4703
STOCKYARD,4703
TANBY,4703
TARANGANBA,4703
TAROOMBALL,4703
WEERRIBA,4703
WOODBURY,4703
YEPPOON,4703
WATTLEBANK,4704
YAAMBA,4704
CLARKE CREEK,4705
LOTUS CREEK,4705
MACKENZIE RIVER,4705
MARLBOROUGH,4705
MOUNT GARDINER,4705
OGMORE,4706
COLLAROY,4707
ST LAWRENCE,4707
THE PERCY GROUP,4707
TIERI,4709
EMU PARK,4710
ZILZIE,4710
GLENDALE,4711
GLENLEE,4711
DUARINGA,4712
WOORABINDA,4713
BAREE,4714
BOULDER CREEK,4714
FLETCHER CREEK,4714
HAMILTON CREEK,4714
HORSE CREEK,4714
JOHNSONS HILL,4714
LEYDENS HILL,4714
LIMESTONE,4714
MOONGAN,4714
MOUNT MORGAN,4714
NINE MILE CREEK,4714
OAKEY CREEK,4714
STRUCK OIL,4714
THE MINE,4714
TROTTER CREEK,4714
WALMUL,4714
WALTERHALL,4714
WURA,4714
BILOELA,4715
CALLIDE,4715
CASTLE CREEK,4715
DAKENBA,4715
DUMGREE,4715
GREYCLIFFE,4715
MOUNT MURCHISON,4715
ORANGE CREEK,4715
PROSPECT,4715
TARRAMBA,4715
VALENTINE PLAINS,4715
LAWGI DAWES,4716
THANGOOL,4716
BLACKWATER,4717
BAUHINIA,4718
DROMEDARY,4718
KIANGA,4718
MOURA,4718
MUNGABUNDA,4718
OOMBABEER,4718
RHYDDING,4718
ROUNDSTONE,4718
WARNOAH,4718
CAMBOON,4719
CRACOW,4719
GLENMORAL,4719
ISLA,4719
LONESOME CREEK,4719
THEODORE,4719
EMERALD,4720
YAMALA,4720
ARGYLL,4721
CLERMONT,4721
ELGIN,4721
FRANKFIELD,4721
GEMINI MOUNTAINS,4721
KILCUMMIN,4721
LAGLAN,4721
PASHA,4721
THERESA CREEK,4721
WINCHESTER,4721
WOLFANG,4721
BUCKLAND,4722
CAIRDBEIGN,4722
CONA CREEK,4722
NANDOWRIE,4722
ORION,4722
SPRINGSURE,4722
WEALWANDANGIE,4722
BELCONG,4723
CAPELLA,4723
CARBINE CREEK,4723
CHIRNSIDE,4723
CRINUM,4723
HIBERNIA,4723
KHOSH BULDUK,4723
LILYVALE,4723
LOWESTOFF,4723
MOUNT MACARTHUR,4723
RETRO,4723
ALPHA,4724
BEAUFORT,4724
DRUMMONDSLOPE,4724
HOBARTVILLE,4724
PINE HILL,4724
PORT WINE,4724
SEDGEFORD,4724
SURBITON,4724
BARCALDINE,4725
BARCALDINE DOWNS,4725
PATRICK,4725
SALTERN,4725
TARA STATION,4725
ARAMAC,4726
GALILEE,4726
PELICAN CREEK,4726
ILFRACOMBE,4727
DUNROBIN,4728
GARFIELD,4728
JERICHO,4728
MEXICO,4728
BRIXTON,4730
CAMOOLA,4730
CHORREGON,4730
ERNESTINA,4730
LONGREACH,4730
MANEROO,4730
MORELLA,4730
STONEHENGE,4730
TOCAL,4730
VERGEMONT,4730
ISISFORD,4731
MUTTABURRA,4732
TABLEDERRY,4732
CORFIELD,4733
DIAMANTINA LAKES,4735
MIDDLETON,4735
OPALTON,4735
WINTON,4735
JUNDAH,4736
ARMSTRONG BEACH,4737
BLUE MOUNTAIN,4737
CAMPWIN BEACH,4737
COLSTON PARK,4737
FRESHWATER POINT,4737
GRASSTREE,4737
PLANE CREEK WEST,4737
SARINA,4737
SARINA BEACH,4737
SARINA RANGE,4737
SHINFIELD,4737
SUNNYSIDE,4737
ILBILBIE,4738
KOUMALA,4738
CARMILA,4739
ALEXANDRA,4740
ALLIGATOR CREEK,4740
ANDERGROVE,4740
BAKERS CREEK,4740
BALBERRA,4740
BALNAGOWAN,4740
BEACONSFIELD,4740
BELMUNDA,4740
BLACKS BEACH,4740
CANELAND,4740
CAPE HILLSBOROUGH,4740
CHELONA,4740
CONINGSBY,4740
CREMORNE,4740
DOLPHIN HEADS,4740
DUMBLETON,4740
DUNDULA,4740
DUNNROCK,4740
EAST MACKAY,4740
EIMEO,4740
ERAKALA,4740
FOULDEN,4740
GLENELLA,4740
GRASSTREE BEACH,4740
HABANA,4740
HALF TIDE BEACH,4740
HALIDAY BAY,4740
HAY POINT,4740
HOMEBUSH,4740
LOUISA CREEK,4740
MACKAY,4740
MACKAY BC,4740
MACKAY CANELAND,4740
MACKAY DC,4740
MACKAY EAST,4740
MACKAY HARBOUR,4740
MACKAY NORTH,4740
MACKAY SOUTH,4740
MACKAY WEST,4740
MCEWENS BEACH,4740
MOUNT JUKES,4740
MOUNT PLEASANT,4740
MUNBURA,4740
NINDAROO,4740
NOORLAH,4740
NORTH MACKAY,4740
OORALEA,4740
PAGET,4740
PLANELLA,4740
PLANLAND,4740
RACECOURSE,4740
RICHANNA HEIGHTS,4740
RICHMOND,4740
ROSELLA,4740
RURAL VIEW,4740
SALONIKA BEACH,4740
SANDIFORD,4740
SLADE POINT,4740
SOUTH MACKAY,4740
TE KOWAI,4740
TELINA HEIGHTS,4740
THE LEAP,4740
TIMBERLANDS,4740
WEST MACKAY,4740
WUNDARU,4740
YAKAPARI,4740
BALL BAY,4741
BRAMPTON ISLAND,4741
BRIGHTLY,4741
CLAIRVIEW,4741
COPPABELLA,4741
DAYDREAM ISLAND,4741
EPSOM,4741
ETON,4741
ETON NORTH,4741
EUNGELLA HINTERLAND,4741
FARLEIGH,4741
FLAGGY ROCK,4741
GARGETT,4741
HAMPDEN,4741
HAZLEDEAN,4741
HOOK ISLAND,4741
KALARKA,4741
KINCHANT DAM,4741
KUTTABUL,4741
LINDEMAN ISLAND,4741
LONG ISLAND,4741
MACKAY MC,4741
MOUNT CHARLTON,4741
MOUNT CHRISTIAN,4741
MOUNT OSSA,4741
MOUNT PELION,4741
NORTH ETON,4741
OAKENDEN,4741
ORKABIE,4741
OWENS CREEK,4741
PINNACLE,4741
PLEYSTOWE,4741
SEAFORTH,4741
SOUTH MOLLE,4741
YALBOROO,4741
BURTON,4742
EAGLEFIELD,4742
ELPHINSTONE,4742
HAIL CREEK,4742
KEMMIS,4742
MOUNT BRITTON,4742
MT BRITTON,4742
NEBO,4742
OXFORD,4742
STRATHFIELD,4742
TURRAWULLA,4742
VALKYRIE,4742
GLENDEN,4743
SUTTOR,4743
MORANBAH,4744
PEAK DOWNS MINE,4744
DYSART,4745
NORWICH PARK,4745
GERMAN CREEK,4746
MAY DOWNS,4746
MIDDLEMOUNT,4746
BUCASIA,4750
SHOAL POINT,4750
GREENMOUNT,4751
PALMYRA,4751
VICTORIA PLAINS,4751
WALKERSTON,4751
DEVEREUX CREEK,4753
MARIAN,4753
BENHOLME,4754
DOWS CREEK,4754
MIA MIA,4754
MIRANI,4754
MOUNT MARTIN,4754
PINEVALE,4754
SEPTIMUS,4754
FINCH HATTON,4756
NETHERDALE,4756
BROKEN RIVER,4757
CREDITON,4757
DALRYMPLE HEIGHTS,4757
EUNGELLA,4757
EUNGELLA DAM,4757
CALEN,4798
MENTMORE,4798
PINDI PINDI,4798
ST HELENS BEACH,4798
WAGOORA,4798
BLOOMSBURY,4799
MIDGE POINT,4799
ANDROMACHE,4800
BRANDY CREEK,4800
BREADALBANE,4800
CANNON VALLEY,4800
CAPE CONWAY,4800
CAPE GLOUCESTER,4800
CONWAY,4800
CONWAY BEACH,4800
CRYSTAL BROOK,4800
DINGO BEACH,4800
DITTMER,4800
ERLANDO BEACH,4800
FOXDALE,4800
GLEN ISLA,4800
GOORGANGA CREEK,4800
GOORGANGA PLAINS,4800
GREGORY RIVER,4800
GUNYARRA,4800
HAMILTON PLAINS,4800
HIDEAWAY BAY,4800
KELSEY CREEK,4800
LAGUNA QUAYS,4800
LAKE PROSERPINE,4800
LETHEBROOK,4800
MOUNT JULIAN,4800
MOUNT MARLOW,4800
MOUNT PLUTO,4800
MYRTLEVALE,4800
NORTH GREGORY,4800
PALM GROVE,4800
PAULS POCKET,4800
PRESTON,4800
PROSERPINE,4800
RIORDANVALE,4800
SILVER CREEK,4800
STRATHDICKIE,4800
SUGARLOAF,4800
THOOPARA,4800
WILSON BEACH,4800
HAYMAN ISLAND,4801
AIRLIE BEACH,4802
CANNONVALE,4802
FLAMETREE,4802
JUBILEE POCKET,4802
MANDALAY,4802
MOUNT ROOPER,4802
SHUTE HARBOUR,4802
SHUTEHAVEN,4802
WHITSUNDAYS,4802
WOODWARK,4802
HAMILTON ISLAND,4803
COLLINSVILLE,4804
MOUNT COOLON,4804
MOUNT WYATT,4804
NEWLANDS,4804
SCOTTVILLE,4804
SPRINGLANDS,4804
BINBEE,4805
BOGIE,4805
BOWEN,4805
BRISK BAY,4805
DELTA,4805
GUMLU,4805
GUTHALUNGRA,4805
MERINDA,4805
QUEENS BEACH,4805
ROSE BAY,4805
ARKENDEITH,4806
CARSTAIRS,4806
DOWN RIVER,4806
FREDERICKSFIELD,4806
GROPER CREEK,4806
GROPER CREEK RESERVE,4806
HOME HILL,4806
INKERMAN,4806
KEEBAH,4806
KIRKNIE,4806
OSBORNE,4806
RANGEMORE,4806
WANGARATTA,4806
WUNJUNGA,4806
AIRDMILLAN,4807
AIRVILLE,4807
ALVA,4807
AYR,4807
CLARE,4807
CLAREDALE,4807
DALBEG,4807
EIGHT MILE CREEK,4807
JARVISFIELD,4807
KALAMIA,4807
MAIDAVALE,4807
MCDESME,4807
MILLAROO,4807
MONA PARK,4807
MOUNT KELLY,4807
MULGRAVE,4807
PARKSIDE,4807
RITA ISLAND,4807
RITE ISLAND,4807
SWANS LAGOON,4807
BRANDON,4808
COLEVALE,4808
BARRATTA,4809
CROMARTY,4809
GIRU,4809
HORSESHOE LAGOON,4809
JERONA,4809
MOUNT SURROUND,4809
SHIRBOURNE,4809
UPPER HAUGHTON,4809
BELGIAN GARDENS,4810
CAPE CLEVELAND,4810
CASTLE HILL,4810
NORTH WARD,4810
PALLARENDA,4810
RAILWAY ESTATE,4810
ROWES BAY,4810
SHELLY BEACH,4810
SOUTH TOWNSVILLE,4810
TOWN COMMON,4810
TOWNSVILLE,4810
TOWNSVILLE CITY,4810
TOWNSVILLE DC,4810
TOWNSVILLE MC,4810
TOWNSVILLE WEST,4810
WEST END,4810
YARRAWONGA,4810
CLUDEN,4811
IDALIA,4811
JAMES COOK UNIVERSITY,4811
MOUNT STUART,4811
OAK VALLEY,4811
OONOONBA,4811
ROSENEATH,4811
STUART,4811
WULGURU,4811
CURRAJONG,4812
GULLIVER,4812
HERMIT PARK,4812
HYDE PARK,4812
HYDE PARK CASTLETOWN,4812
MUNDINGBURRA,4812
MYSTERTON,4812
PIMLICO,4812
RISING SUN,4812
ROSSLEA,4812
LAVARACK BARRACKS,4813
TOWNSVILLE MILPO,4813
AITKENVALE,4814
AITKENVALE BC,4814
ANNANDALE,4814
CRANBROOK,4814
DOUGLAS,4814
GARBUTT,4814
GARBUTT BC,4814
GARBUTT EAST,4814
HEATLEY,4814
MOUNT LOUISA,4814
MURRAY,4814
THURINGOWA DC,4814
VINCENT,4814
CONDON,4815
GRANITE VALE,4815
GUMLOW,4815
KELSO,4815
PINNACLES,4815
RASMUSSEN,4815
ALLIGATOR CREEK,4816
BALGAL BEACH,4816
BARRINGHA,4816
BROOKHILL,4816
BUCHANAN,4816
CALCIUM,4816
CARRUCHAN,4816
CLEMANT,4816
CRIMEA,4816
CRYSTAL CREEK,4816
CUNGULLA,4816
ELLERBECK,4816
GREENVALE,4816
HIDDEN VALLEY,4816
HOMESTEAD,4816
JULAGO,4816
KENNEDY,4816
MACROSSAN,4816
MAJORS CREEK,4816
MALPAS-TRENTON,4816
MAXWELTON,4816
MINGELA,4816
MOUNT ELLIOT,4816
MUTARNEE,4816
NELIA,4816
NOME,4816
PALM ISLAND,4816
PALUMA,4816
PENTLAND,4816
PRAIRIE,4816
RAVENSWOOD,4816
REID RIVER,4816
ROLLINGSTONE,4816
ROSS RIVER,4816
SAVANNAH,4816
SELLHEIM,4816
THE CAPE,4816
TOOMULLA,4816
TOONPAN,4816
TORRENS CREEK,4816
WOODSTOCK,4816
ALICE RIVER,4817
BOHLE PLAINS,4817
HERVEY RANGE,4817
KIRWAN,4817
RANGEWOOD,4817
RUPERTSWOOD,4817
STABLEFORD,4817
THURINGOWA CENTRAL,4817
BEACH HOLM,4818
BLACK RIVER,4818
BLUE HILLS,4818
BLUEWATER,4818
BLUEWATER PARK,4818
BOHLE,4818
BURDELL,4818
BUSHLAND BEACH,4818
COSGROVE,4818
DEERAGUN,4818
INNES,4818
JENSEN,4818
LYNAM,4818
MOUNT LOW,4818
MOUNT ST JOHN,4818
PURONO PARK,4818
SAUNDERS BEACH,4818
SHAW,4818
TOOLAKEA,4818
YABULU,4818
ARCADIA,4819
ARCADIA BAY,4819
FLORENCE BAY,4819
HORSESHOE BAY,4819
MAGNETIC ISLAND,4819
NELLY BAY,4819
PICNIC BAY,4819
WEST POINT,4819
ALABAMA HILL,4820
BALFES CREEK,4820
BASALT,4820
BLACK JACK,4820
BREDDAN,4820
BROUGHTON,4820
CAMPASPE,4820
CHARTERS TOWERS,4820
CHARTERS TOWERS CITY,4820
COLUMBIA,4820
DOTSWOOD,4820
GRAND SECRET,4820
LLANARTH,4820
MILLCHESTER,4820
MOSMAN PARK,4820
QUEENTON,4820
RICHMOND HILL,4820
SEVENTY MILE,4820
SOUTHERN CROSS,4820
TOLL,4820
TOWERS HILL,4820
DUTTON RIVER,4821
HUGHENDEN,4821
PORCUPINE,4821
PRAIRIE,4821
STAMFORD,4821
TANGORIN,4821
ALBION,4822
BELLFIELD,4822
BURLEIGH,4822
CAMBRIDGE,4822
MAXWELTON,4822
NONDA,4822
RICHMOND,4822
SAXBY,4822
VICTORIA VALE,4822
WOOLGAR,4822
CARPENTARIA,4823
JULIA CREEK,4823
KYNUNA,4823
MCKINLAY,4823
STOKES,4823
TALDORA,4823
WARBURTON,4823
CLONCURRY,4824
DEVONCOURT STATION,4824
FOUR WAYS,4824
GIDYA,4824
KURIDALA,4824
OORINDI,4824
THREE RIVERS,4824
ALEXANDRIA,4825
ALPURRURULAM,4825
ALROY,4825
ANTHONYS LAGOON,4825
BARKLY,4825
BREAKAWAY,4825
BRUNETTE DOWNS,4825
BUCKINGHAM,4825
BUSHY PARK,4825
CARRANDOTTA,4825
DAJARRA,4825
DUCHESS,4825
FIELDING,4825
FISHER,4825
GEORGINA,4825
GUNPOWDER,4825
HAPPY VALLEY,4825
HEALY,4825
KALKADOON,4825
LANSKEY,4825
LAWN HILL,4825
MARY KATHLEEN,4825
MENZIES,4825
MICA CREEK,4825
MILES END,4825
MORNINGTON,4825
MOUNT ISA,4825
MOUNT ISA BC,4825
MOUNT ISA CITY,4825
MOUNT ISA DC,4825
MOUNT ISA EAST,4825
OSBORNE MINE,4825
PARKSIDE,4825
PIONEER,4825
PITURIE,4825
RANKEN,4825
RYAN,4825
SOLDIERS HILL,4825
SPREADBOROUGH,4825
SUNSET,4825
THE GAP,4825
THE MONUMENT,4825
TOWNVIEW,4825
WAVERLEY,4825
WINSTON,4825
CAMOOWEAL,4828
AMAROO,4829
BEDOURIE,4829
BOULIA,4829
MIN MIN,4829
STURT,4829
TOKO,4829
WARENDA,4829
WILLS,4829
AUGUSTUS DOWNS,4830
BURKETOWN,4830
DOOMADGEE,4830
GREGORY,4830
GREGORY DOWNS,4830
NICHOLSON,4830
CARDWELL,4849
DAMPER CREEK,4849
HINCHINBROOK,4849
LUMHOLTZ,4849
RUNGOO,4849
ABERGOWRIE,4850
ALLINGHAM,4850
BAMBAROO,4850
BEMERSIDE,4850
BLACKROCK,4850
BRAEMEADOWS,4850
COOLBIE,4850
CORDELIA,4850
DALRYMPLE CREEK,4850
FORESTHOME,4850
FORREST BEACH,4850
GAIRLOCH,4850
GARRAWALT,4850
HALIFAX,4850
HAWKINS CREEK,4850
HELENS HILL,4850
INGHAM,4850
LANNERCOST,4850
LONG POCKET,4850
LUCINDA,4850
MACKNADE,4850
MOUNT FOX,4850
ORIENT,4850
PEACOCK SIDING,4850
TAYLORS BEACH,4850
TOOBANNA,4850
TREBONNE,4850
UPPER STONE,4850
VALLEY OF LAGOONS,4850
VICTORIA PLANTATION,4850
WALLAMAN,4850
WHARPS,4850
YURUGA,4850
BINGIL BAY,4852
CARMOO,4852
CLUMP POINT,4852
DJIRU,4852
DUNK,4852
GARNERS BEACH,4852
MIDGEREE BAR,4852
MISSION BEACH,4852
NARRAGON BEACH,4852
SOUTH MISSION,4852
SOUTH MISSION BEACH,4852
TAM O'SHANTER,4852
WONGALING BEACH,4852
BILYANA,4854
BIRKALLA,4854
BULGUN,4854
CARDSTONE,4854
DINGO POCKET,4854
DJARAWONG,4854
EAST FELUGA,4854
EURAMO,4854
FELUGA,4854
HULL HEADS,4854
JARRA CREEK,4854
KOOROOMOOL,4854
LOWER TULLY,4854
MERRYBURN,4854
MIDGENOO,4854
MOUNT MACKAY,4854
MUNRO PLAINS,4854
MURRAY UPPER,4854
MURRIGAL,4854
ROCKINGHAM,4854
SILKY OAK,4854
TULLY,4854
TULLY HEADS,4854
WALTER HILL,4854
WARRAMI,4854
DAVESON,4855
EL ARISH,4855
FRIDAY POCKET,4855
GRANADILLA,4855
JAFFA,4855
MAADI,4855
MARIA CREEKS,4855
SHELL POCKET,4855
GOOLBOO,4856
JAPOONVALE,4856
MCCUTCHEON,4856
NO. 4 BRANCH,4856
NO. 5 BRANCH,4856
SILKWOOD,4856
WALTER LEVER ESTATE,4856
SILKWOOD EAST,4857
COMOON LOOP,4858
ETTY BAY,4858
MARTYVILLE,4858
MOURILYAN,4858
MOURILYAN HARBOUR,4858
NEW HARBOURLINE,4858
NO. 6 BRANCH,4859
SOUTH JOHNSTONE,4859
BAMBOO CREEK,4860
BELVEDERE,4860
COCONUTS,4860
COOROO LANDS,4860
COORUMBA,4860
COQUETTE POINT,4860
CULLINANE,4860
DARADGEE,4860
EAST INNISFAIL,4860
EAST PALMERSTON,4860
EATON,4860
EUBENANGEE,4860
FITZGERALD CREEK,4860
FLYING FISH POINT,4860
GARRADUNGA,4860
GOONDI,4860
GOONDI BEND,4860
GOONDI HILL,4860
HUDSON,4860
INNISFAIL,4860
INNISFAIL ESTATE,4860
JUBILEE HEIGHTS,4860
MIGHELL,4860
MUNDOO,4860
NERADA,4860
NGATJAN,4860
NJATJAN,4860
O'BRIENS HILL,4860
PALMERSTON,4860
PIN GIN HILL,4860
SOUTH INNISFAIL,4860
STOTERS HILL,4860
SUNDOWN,4860
UPPER DARADGEE,4860
VALETTAS ESTATE,4860
VASA VIEWS,4860
WANJURU,4860
WEBB,4860
WOOROONOORAN,4860
BABINDA,4861
BARTLE FRERE,4861
EAST RUSSELL,4861
GOLDSBOROUGH,4865
GORDONVALE,4865
GREEN HILL,4865
KAMMA,4865
LITTLE MULGRAVE,4865
MERINGA,4865
PACKERS CAMP,4865
PYRAMID,4865
REDBANK,4865
BAYVIEW HEIGHTS,4868
MOUNT SHERIDAN,4868
TARRAWARRA,4868
WHITE ROCK,4868
WOREE,4868
BENTLEY PARK,4869
CENTENARY PARK,4869
EDMONTON,4869
MOUNT PETER,4869
TAMARIND GARDENS,4869
WRIGHTS CREEK,4869
AEROGLEN,4870
BARRON GORGE,4870
BRINSMEAD,4870
BUNGALOW,4870
CAIRNS,4870
CAIRNS CENTRAL,4870
CAIRNS CITY,4870
CAIRNS DC,4870
CAIRNS MC,4870
CAIRNS MCLEOD STREET,4870
CAIRNS NORTH,4870
CAIRNS ORCHID PLAZA,4870
EARLVILLE,4870
EARLVILLE BC,4870
EDGE HILL,4870
FRESHWATER,4870
KAMERUNGA,4870
KANIMBLA,4870
LAKE MORRIS,4870
LAMB RANGE,4870
MACKINNON,4870
MANOORA,4870
MANUNDA,4870
MARTYNVALE,4870
MOOROOBOOL,4870
NORTH CAIRNS,4870
PARRAMATTA PARK,4870
PORTSMITH,4870
REDLYNCH,4870
STRATFORD,4870
WESTCOURT,4870
WHITFIELD,4870
ABINGDON DOWNS,4871
ALMADEN,4871
ALOOMBA,4871
AMBER,4871
AURUKUN,4871
BASILISK,4871
BELLENDEN KER,4871
BLACKBULL,4871
BOLWARRA,4871
BOMBEETA,4871
BOOGAN,4871
BRAMSTON BEACH,4871
BULLERINGA,4871
CAMP CREEK,4871
CHILLAGOE,4871
CLARAVILLE,4871
COEN,4871
CONJUBOY,4871
CORALIE,4871
COWLEY,4871
COWLEY BEACH,4871
COWLEY CREEK,4871
CROYDON,4871
CRYSTALBROOK,4871
CURRAJAH,4871
DEERAL,4871
DESAILLY,4871
EAST CREEK,4871
EAST TRINITY,4871
EDWARD RIVER,4871
EINASLEIGH,4871
ESMERALDA,4871
FISHERY FALLS,4871
FITZROY ISLAND,4871
FORSAYTH,4871
FOSSILBROOK,4871
FOUR MILE BEACH,4871
GEORGETOWN,4871
GERMANTOWN,4871
GILBERT RIVER,4871
GLEN BOUGHTON,4871
GREEN ISLAND,4871
GUNUNA,4871
HELENVALE,4871
HURRICANE,4871
JULATTEN,4871
KARRON,4871
KIDSTON,4871
KOAH,4871
KOWANYAMA,4871
KURRIMINE BEACH,4871
LAKELAND,4871
LAKELAND DOWNS,4871
LAURA,4871
LOCKHART,4871
LOWER COWLEY,4871
LYNDHURST,4871
MACALISTER RANGE,4871
MENA CREEK,4871
MIRIWINNI,4871
MIRRIWINNI,4871
MORESBY,4871
MORNINGTON ISLAND,4871
MOUNT CARBINE,4871
MOUNT MOLLOY,4871
MOUNT MULLIGAN,4871
MOUNT SURPRISE,4871
NORTHHEAD,4871
NYCHUM,4871
PETFORD,4871
PORMPURAAW,4871
PORTLAND ROADS,4871
ROOKWOOD,4871
SANDY POCKET,4871
SOUTH WELLESLEY ISLANDS,4871
SOUTHEDGE,4871
SPRINGFIELD,4871
SPURGEON,4871
STOCKTON,4871
STRATHMORE,4871
TALAROO,4871
THORNBOROUGH,4871
UTCHEE CREEK,4871
WANGAN,4871
WARRUBULLEN,4871
WAUGH POCKET,4871
WELLESLEY ISLANDS,4871
WEST WELLESLEY ISLANDS,4871
WOOPEN CREEK,4871
YARRABAH,4871
BARRINE,4872
BARWIDGI,4872
CAIRNS MC,4872
DANBULLA,4872
DIMBULAH,4872
FORTY MILE,4872
GLEN RUTH,4872
GUNNAWARRA,4872
INNOT HOT SPRINGS,4872
KAIRI,4872
KIRRAMA,4872
KOOMBOOLOOMBA,4872
KOWROWA,4872
KURANDA,4872
LAKE TINAROO,4872
LAKESIDE ESTATE,4872
MINNAMOOLKA,4872
MOUNT GARNET,4872
MUNDERRA,4872
MUTCHILBA,4872
MYOLA,4872
SILVER VALLEY,4872
TINAROO,4872
WAIRUNA,4872
WALKAMIN,4872
BAILEY CREEK,4873
BAMBOO,4873
BONNIE DOON,4873
CAPE TRIBULATION,4873
CASSOWARY,4873
COOYA BEACH,4873
COW BAY,4873
DAGMAR,4873
DAINTREE,4873
DEDIN,4873
DIWAN,4873
FINLAY VALE,4873
FINLAYVALE,4873
FOREST CREEK,4873
KIMBERLEY,4873
LOW ISLES,4873
LOWER DAINTREE,4873
MIALLO,4873
MOSSMAN,4873
MOSSMAN GORGE,4873
NEWELL,4873
NOAH,4873
ROCKY POINT,4873
SHANNONVALE,4873
SPURGEON,4873
STEWART CREEK VALLEY,4873
SYNDICATE,4873
THORNTON BEACH,4873
UPPER DAINTREE,4873
WHYANBEEL,4873
WONGA,4873
WONGA BEACH,4873
EVANS LANDING,4874
JARDINE RIVER,4874
MAPOON,4874
MISSION RIVER,4874
NANUM,4874
NAPRANUM,4874
ROCKY POINT,4874
SHELBURNE,4874
TRUNDING,4874
WEIPA,4874
WEIPA AIRPORT,4874
WENLOCK,4874
BADU ISLAND,4875
BANKS ISLAND,4875
BOIGU,4875
BOIGU ISLAND,4875
COCONUT ISLAND,4875
DARNLEY ISLAND,4875
DAUAN ISLAND,4875
ERUB,4875
ERUB ISLAND,4875
HORN,4875
HORN ISLAND,4875
IAMA,4875
JERVIS ISLAND,4875
KERIRI ISLAND,4875
KUBIN VILLAGE,4875
MABUIAG,4875
MABUIAG ISLAND,4875
MASIG,4875
MASIG ISLAND,4875
MOA ISLAND,4875
MULGRAVE ISLAND,4875
MURRAY ISLAND,4875
PORUMA ISLAND,4875
PRINCE OF WALES,4875
SAIBAI ISLAND,4875
STEPHENS ISLAND,4875
TALBOT ISLAND,4875
THURSDAY ISLAND,4875
WARRABER ISLAND,4875
WARRABER ISLET,4875
YAM ISLAND,4875
YORKE ISLAND,4875
BAMAGA,4876
INJINOO,4876
NEW MAPOON,4876
SEISIA,4876
UMAGICO,4876
CRAIGLIE,4877
KILLALOE,4877
LOW ISLES,4877
MOWBRAY,4877
OAK BEACH,4877
PORT DOUGLAS,4877
WANGETTI,4877
BARRON,4878
CARAVONICA,4878
HOLLOWAYS BEACH,4878
LAKE PLACID,4878
MACHANS BEACH,4878
SMITHFIELD,4878
YORKEYS KNOB,4878
BUCHAN POINT,4879
CLIFTON BEACH,4879
ELLIS BEACH,4879
KEWARRA BEACH,4879
PALM COVE,4879
TRINITY BEACH,4879
TRINITY PARK,4879
ARRIGA,4880
BIBOOHRA,4880
BILWON,4880
CHEWKO,4880
GLEN RUSSELL,4880
MAREEBA,4880
MARYFARMS,4880
PADDYS GREEN,4880
KOAH,4881
KURANDA,4881
MONA MONA,4881
SPEEWAH,4881
TOLGA,4882
ATHERTON,4883
CARRINGTON,4883
EAST BARRON,4883
UPPER BARRON,4883
WONGABEL,4883
GADGARRA,4884
LAKE BARRINE,4884
LAKE EACHAM,4884
YUNGABURRA,4884
BUTCHERS CREEK,4885
GLEN ALLYN,4885
JAGGAN,4885
KUREEN,4885
MALANDA,4885
NORTH JOHNSTONE,4885
PEERAMON,4885
TARZALI,4885
TOPAZ,4885
BEATRICE,4886
ELLINJAA,4886
MAALAN,4886
MIDDLEBROOK,4886
MILLAA MILLAA,4886
MINBUN,4886
MOREGATTA,4886
MUNGALLI,4886
HERBERTON,4887
IRVINEBANK,4887
KALUNGA,4887
MOOMIN,4887
WATSONVILLE,4887
WONDECLA,4887
EVELYN,4888
KABAN,4888
MILLSTREAM,4888
RAVENSHOE,4888
TUMOULIN,4888
HOWITT,4890
NORMAN,4890
NORMANTON,4890
KARUMBA,4891
ABINGDON DOWNS,4892
ARBOUIN,4892
ARCHER RIVER,4892
AURUKUN,4892
BELLEVUE,4892
COEN,4892
DIXIE,4892
EDWARD RIVER,4892
GAMBOOLA,4892
GROGANVILLE,4892
HIGHBURY,4892
HOLROYD RIVER,4892
KOWANYAMA,4892
LAKEFIELD,4892
LAURA,4892
LIZARD,4892
LOCKHART RIVER,4892
LYNDSIDE,4892
MARAMIE,4892
MOUNT MULGRAVE,4892
PALMER,4892
PORMPURAAW,4892
RAVENSWORTH,4892
RED RIVER,4892
SOUTH WELLESLEY ISLANDS,4892
STAATEN,4892
WELLESLEY ISLANDS,4892
WEST WELLESLEY ISLANDS,4892
WROTHAM,4892
YAGOONYA,4892
YARRADEN,4892
AYTON,4895
BLOOMFIELD,4895
COOKTOWN,4895
DEGARRA,4895
HELENVALE,4895
HOPE VALE,4895
ROSSVILLE,4895
STARCKE,4895
WUJAL WUJAL,4895
